コメントID,タイプ,親コメントID,投稿者名,投稿日時,いいね数,コメント本文,投稿者プロファイルURL,動画URL
UgxqrPzl3orC4xeMBSh4AaABAg,Thread,,@べに-y4t,2025-11-07T13:14:19Z,104,一人用の鉄鍋持ってます。七輪に架けて野菜にきのこに魚に肉。好きな食材を入れて出汁や味噌で頂きます。そこに手酌で熱燗をキュッと流し込めば浮き世の憂さも吹き飛びます！貧しいながら豊かな人生かな😊,https://yt3.ggpht.com/ytc/AIdro_m2chtDGo9DzuPnJAPYF_AoY9jiZSNdml7Exj9EiIcJdpTk45B2bsjWXO4D2BeM6zK-Gp539SrF=s48-c-k-c0x00ffffff-no-rj,https://www.youtube.com/watch?v=8iLA0MLSXVU
UgxqrPzl3orC4xeMBSh4AaABAg.APDvc5UTWonAPGg8gqiDTL,Reply,UgxqrPzl3orC4xeMBSh4AaABAg,@赤い風,2025-11-08T14:56:48Z,11,豊かな暮らしをされてると思います😊,https://yt3.ggpht.com/ytc/AIdro_m7-yGh2c9kDBSihdshLV-L8vW2QULwfotFicu3LtI=s48-c-k-c0x00ffffff-no-rj,https://www.youtube.com/watch?v=8iLA0MLSXVU
UgxqrPzl3orC4xeMBSh4AaABAg.APDvc5UTWonAPGgS7zbsxm,Reply,UgxqrPzl3orC4xeMBSh4AaABAg,@赤い風,2025-11-08T14:59:28Z,15,素敵な食事をされてる時点で貧しくないです😊,https://yt3.ggpht.com/ytc/AIdro_m7-yGh2c9kDBSihdshLV-L8vW2QULwfotFicu3LtI=s48-c-k-c0x00ffffff-no-rj,https://www.youtube.com/watch?v=8iLA0MLSXVU
UgxqrPzl3orC4xeMBSh4AaABAg.APDvc5UTWonAPXLmrGhORD,Reply,UgxqrPzl3orC4xeMBSh4AaABAg,@ノエル-w2m,2025-11-15T02:17:17Z,7,マンションだと出来ないので、憧れます。羨ましい！,https://yt3.ggpht.com/ytc/AIdro_nvQ4-VDvvyP_I6c8ibPurMihbQxcSGFLtmPmzJ0Lk=s48-c-k-c0x00ffffff-no-rj,https://www.youtube.com/watch?v=8iLA0MLSXVU
UgxqrPzl3orC4xeMBSh4AaABAg.APDvc5UTWonARZIVURe7Yi,Reply,UgxqrPzl3orC4xeMBSh4AaABAg,@あげ太郎,2026-01-04T13:29:50Z,1,"レンチン鍋ならあるんだけどなぁ
きりたんぽ美味ぇ",https://yt3.ggpht.com/ytc/AIdro_kY5WQI3Xtb7YCgWZ5iUBgE7W_PyIBGhZhemzAVFyXd=s48-c-k-c0x00ffffff-no-rj,https://www.youtube.com/watch?v=8iLA0MLSXVU
UgxiitS7TbX4Mn0hFHl4AaABAg,Thread,,@やんやん-l2i,2025-11-07T09:41:59Z,95,"50代バツイチ一人暮らしの自分は、スーパーでカット野菜、豚コマ肉、鍋の素買って、1人鍋楽しんでます（笑）
シメは30円のうどん☝️
まあまあ幸せ😄",https://yt3.ggpht.com/ytc/AIdro_lk0W4sP85DTnXqjvFF69f8RmUpDvHh52sm6ofxwJ8=s48-c-k-c0x00ffffff-no-rj,https://www.youtube.com/watch?v=8iLA0MLSXVU
UgxiitS7TbX4Mn0hFHl4AaABAg.APDYK14ziQYAPFm7uawjkq,Reply,UgxiitS7TbX4Mn0hFHl4AaABAg,@scrs9285,2025-11-08T06:29:53Z,10,カット野菜は、定番の野菜炒めや中華丼とか短時間で料理が出来るから便利だね。,https://yt3.ggpht.com/ytc/AIdro_lE4B7NZ3N8szXWkPPrq7Tl-TbfXz-jrcIf8SS3-EM=s48-c-k-c0x00ffffff-no-rj,https://www.youtube.com/watch?v=8iLA0MLSXVU
UgxiitS7TbX4Mn0hFHl4AaABAg.APDYK14ziQYAPFp0bRAVqu,Reply,UgxiitS7TbX4Mn0hFHl4AaABAg,@やんやん-l2i,2025-11-08T06:55:06Z,12,"​@scrs9285
単身者の味方ですよねー。
鍋の素、カット野菜、カット済の肉で包丁まな板要らず（笑）",https://yt3.ggpht.com/ytc/AIdro_lk0W4sP85DTnXqjvFF69f8RmUpDvHh52sm6ofxwJ8=s48-c-k-c0x00ffffff-no-rj,https://www.youtube.com/watch?v=8iLA0MLSXVU
UgxiitS7TbX4Mn0hFHl4AaABAg.APDYK14ziQYAPGsoxco7Sl,Reply,UgxiitS7TbX4Mn0hFHl4AaABAg,@BlueReef69,2025-11-08T16:47:34Z,9,いいねぇ～、そういう幸せをキチンと拾っていきたいよ😉,https://yt3.ggpht.com/ytc/AIdro_mHABxys7o5BOumMvW-CcSaJcTwNat-vFvWX1bRKzwOsvGYa84=s48-c-k-c0x00ffffff-no-rj,https://www.youtube.com/watch?v=8iLA0MLSXVU
UgxiitS7TbX4Mn0hFHl4AaABAg.APDYK14ziQYAR5RIVmdxRs,Reply,UgxiitS7TbX4Mn0hFHl4AaABAg,@やんやん-l2i,2025-12-23T23:09:29Z,0,"袋破って、鍋にポイポイ入れるだけ（笑）
鍋の素もパウチかキューブ❤
カップ麺作る手間と変わらない（笑）",https://yt3.ggpht.com/ytc/AIdro_lk0W4sP85DTnXqjvFF69f8RmUpDvHh52sm6ofxwJ8=s48-c-k-c0x00ffffff-no-rj,https://www.youtube.com/watch?v=8iLA0MLSXVU
Ugxs1M-NJwdyDfRYKVB4AaABAg,Thread,,@manekineko66,2025-11-07T04:29:39Z,37,今回みたいな箇条書き的な説明はナレーションで、ずんだもんと登場人物の軽快な会話の作りは凄くわかりやすく見やすいですね。,https://yt3.ggpht.com/ytc/AIdro_kfeqUpq3JQyAjDbcG2JpPD_zrs-UeSKHubZfKqdLL1YA=s48-c-k-c0x00ffffff-no-rj,https://www.youtube.com/watch?v=8iLA0MLSXVU
UgwY4oGuYYInExPnTCZ4AaABAg,Thread,,@うさまる-0,2025-11-07T03:44:02Z,54,一人暮らしの寒い冬の夜は、サッと用意した安い具材に一人鍋と安いポン酒を煽って早々に寝ちゃいましたね。まさにこんな感じでした。,https://yt3.ggpht.com/85j9dytj6oL2IvoNvKkqr5o0uBJ3B53osx12BX6xleqX8VxaK_pEB_xhqz2poYmWRQNRscuq=s48-c-k-c0x00ffffff-no-rj,https://www.youtube.com/watch?v=8iLA0MLSXVU
UgwY4oGuYYInExPnTCZ4AaABAg.APCuMG8e82yAPGL8a6PtMA,Reply,UgwY4oGuYYInExPnTCZ4AaABAg,@みつぎひろ,2025-11-08T11:44:33Z,2,暖房が勿体ないからまさにそれでした,https://yt3.ggpht.com/ytc/AIdro_l6R3lJD_9LzxGoeJ3fmUuFPe6YavxArLjE_Fi2I_o=s48-c-k-c0x00ffffff-no-rj,https://www.youtube.com/watch?v=8iLA0MLSXVU
Ugxedn9MbVKRROtgYAB4AaABAg,Thread,,@スタンバイ-w3o,2025-11-07T06:17:28Z,25,たくさんある江戸ずんだもんシリーズで1番好きです😊,https://yt3.ggpht.com/DCKDPS4G-GOU5PXEXisXIaMtT-rMeSgj64jiJwHfD3OPJuP8HW1DymRYt4WFwo5rJd9bznmvCPU=s48-c-k-c0x00ffffff-no-rj,https://www.youtube.com/watch?v=8iLA0MLSXVU
UgzUfS5sxUTiRiNR5C54AaABAg,Thread,,@山田太郎-c2i4j,2025-11-08T16:41:49Z,3,外が猛吹雪のときにやるボッチ鍋は最高に楽しい,https://yt3.ggpht.com/ytc/AIdro_nokoVjmKxUdRcLBgsEz_bQVX1aSx8pBavbUHICQ2U=s48-c-k-c0x00ffffff-no-rj,https://www.youtube.com/watch?v=8iLA0MLSXVU
UgzLeRDiLiDoq0Jxxdp4AaABAg,Thread,,@国産チキン-t2o,2025-11-09T14:10:22Z,4,ちょんまげヘアスタイルずんだもんさんが地味に笑えますｗ,https://yt3.ggpht.com/ytc/AIdro_ng3vdmQ70ckkEDn8ODXy01T1k4iclHBSOBC5Qal-YxKcB6AAI=s48-c-k-c0x00ffffff-no-rj,https://www.youtube.com/watch?v=8iLA0MLSXVU
Ugz9UDWVeVqlWDR6-M94AaABAg,Thread,,@ryuzyamex6484,2025-11-08T05:10:33Z,14,このずんだもんかわいいね。思わずコメントしたくなった。ははは。,https://yt3.ggpht.com/ytc/AIdro_mmyYMkvecHY01AR5QJnyPJpe8EBcs8sxV7vchqJkc=s48-c-k-c0x00ffffff-no-rj,https://www.youtube.com/watch?v=8iLA0MLSXVU
UgyatJng_V4HDVapoGB4AaABAg,Thread,,@taikoojisan-y7v,2025-11-08T09:01:12Z,4,21世紀には炊飯器という便利な機械があるのだ何でも作れるのだ,https://yt3.ggpht.com/VN8V7ITu3AUbaPHa_GEf7hAZwwhp_zPsWTaS77fEyHOsXTllMD8aK3bV-x4EcMDjqm-lcGr9=s48-c-k-c0x00ffffff-no-rj,https://www.youtube.com/watch?v=8iLA0MLSXVU
UgwbtCofoBouWRUkmD54AaABAg,Thread,,@bloodingdog,2025-11-09T04:14:04Z,4,"未来人に負けてらんねぇよ。
江戸っ子は本当に言いそうよね",https://yt3.ggpht.com/pWyoPzXO7krnJRGi4MX3c15lI4b9c15DWVGfsVM80cQHAMUdzth7ntTw99BQybx8LFzu1Z7E7w=s48-c-k-c0x00ffffff-no-rj,https://www.youtube.com/watch?v=8iLA0MLSXVU
Ugx2YMJ-awUg3vC2nrl4AaABAg,Thread,,@えんじぇう-i3z,2025-12-14T19:54:28Z,2,今だったらスマホがあるから独り身でも鍋と酒で好きな映画トカ音楽とかゲームとかそれぞれより楽しめるよね！！,https://yt3.ggpht.com/Qjkx8BIiu09GLQPDNVgjmm9gdc-_2IYCkMOCfErAG3YTJrmzfySUT_BGDUHUTSF-KvgYKLwy3Js=s48-c-k-c0x00ffffff-no-rj,https://www.youtube.com/watch?v=8iLA0MLSXVU
UgyHRIdZ1qVGwjkGe0l4AaABAg,Thread,,@トムハンクス-u3g,2025-12-14T16:46:07Z,4,俺の愛する晩飯が江戸レベルなんやが,https://yt3.ggpht.com/ytc/AIdro_mYTEL7ki2lRn-psoWVTaL3LMDgj3IYljQbSSmnGnc=s48-c-k-c0x00ffffff-no-rj,https://www.youtube.com/watch?v=8iLA0MLSXVU
UgwOSkueyOVvsQdXQG14AaABAg,Thread,,@user-Turbo65,2025-12-07T13:40:22Z,3,"7:32
この時代ではお湯を沸かすのに火を使わなければ？と思った",https://yt3.ggpht.com/-8y40tTVFLf2QCSvGf5lxq1Ym7qof38Q3nKXcSdxx8intkq0X2RM7i6rPXFyH9P5qBNVFSW6yQ=s48-c-k-c0x00ffffff-no-rj,https://www.youtube.com/watch?v=8iLA0MLSXVU
UgxWkKMZOoe18h4gA594AaABAg,Thread,,@ウェンデにゃん,2025-11-07T06:44:21Z,16,"とても楽しくて良かったです（笑）
ここ最近は作風が変わって😢うーん
って思ってました（笑）",https://yt3.ggpht.com/_a7mZf0177-3eHT1NcwbQvjv9yxBiEYj8H55QgpLlRvPHKaSrrHqLZ9oazuSN8IwnZHDd3x7=s48-c-k-c0x00ffffff-no-rj,https://www.youtube.com/watch?v=8iLA0MLSXVU
UgzR9dRasgM_up_s5EJ4AaABAg,Thread,,@三鴎,2025-11-09T07:18:52Z,4,ずんだもんの髪型蛾みてーだよww,https://yt3.ggpht.com/ytc/AIdro_kSgzsn-PaGdvyWXb6AMhFa1gscZpG84RXiatevNLqmSu1hqWQ=s48-c-k-c0x00ffffff-no-rj,https://www.youtube.com/watch?v=8iLA0MLSXVU
Ugx9V5Rab4P-cKKWZ6F4AaABAg,Thread,,@タキN,2025-11-08T02:38:27Z,7,仕掛人で橋爪功さんの長屋で食べるいる豆腐料理がおいしそうだった。渡辺謙さんが食べるほかの料理もおいしそうだった,https://yt3.ggpht.com/ytc/AIdro_ntMIegE87nmoZTboy1Eyf_bs-coVd4EjSsNadYRQ8=s48-c-k-c0x00ffffff-no-rj,https://www.youtube.com/watch?v=8iLA0MLSXVU
UgxsRVQW0A1yIWj43r14AaABAg,Thread,,@よっしーa,2025-11-09T19:21:40Z,3,一人鍋も良いけど、一番楽な自炊は雑炊かな。鍋のまま食って洗う,https://yt3.ggpht.com/ytc/AIdro_msW8U4_0K-WVj4uQkgZyja2w5RoAk3nuId_Xgg9fC69Mk=s48-c-k-c0x00ffffff-no-rj,https://www.youtube.com/watch?v=8iLA0MLSXVU
UgzcwcIT_bqF3f-Iqu54AaABAg,Thread,,@さとこ-i6b,2025-11-07T12:55:46Z,6,大丈夫だぞ辰五郎。辰之助や辰也という子孫がいるから。,https://yt3.ggpht.com/ytc/AIdro_lMrkdiZ4yZJwFripA4ubkoJ_MnUDH1BkyqIwA_63A=s48-c-k-c0x00ffffff-no-rj,https://www.youtube.com/watch?v=8iLA0MLSXVU
UgzA8ExrpQsW0PeJzqR4AaABAg,Thread,,@kenken-b6l,2025-11-08T12:34:26Z,1,"てんぷらのマイナス点が
辰五郎の事情だけで草。",https://yt3.ggpht.com/ytc/AIdro_naO-4sl0iNRVIYMFKE_1w3KRZjdoujRE8fqBUpRMF4hqBpAhmO9ovoOzKerN1x_oFJ6Q=s48-c-k-c0x00ffffff-no-rj,https://www.youtube.com/watch?v=8iLA0MLSXVU
Ugxg68zCvblxqJO1uVl4AaABAg,Thread,,@maroon3mk2,2025-11-08T20:47:45Z,0,枝豆のチョンマゲ斬新すぎてすこ,https://yt3.ggpht.com/ytc/AIdro_mgyfMfc5HdTcx3q4TL_YZI4m6B-nyk2dnu7dAfYw0Qqfw=s48-c-k-c0x00ffffff-no-rj,https://www.youtube.com/watch?v=8iLA0MLSXVU
UgyN8Z7_pJNgMLcgfzJ4AaABAg,Thread,,@nakkutu,2025-11-07T15:40:33Z,6,そこに切り餅二枚も入れりゃ、もう言うことないね,https://yt3.ggpht.com/ytc/AIdro_kxvlDE3TsXZ7b2C_Io1C1PLiij7DokduEFEm-XQAs=s48-c-k-c0x00ffffff-no-rj,https://www.youtube.com/watch?v=8iLA0MLSXVU
UgyT7Bgat-mlrOQ3l_V4AaABAg,Thread,,@炎の男-n6z,2025-11-07T08:39:44Z,13,"やはり辰五郎が出ないとね！

近頃出番が無かったから。",https://yt3.ggpht.com/ytc/AIdro_n0iYyHiMEAQ9R79q1Vf72xlBYlXAW7yhVCwRILZls=s48-c-k-c0x00ffffff-no-rj,https://www.youtube.com/watch?v=8iLA0MLSXVU
Ugx5hD-XYGTXXXPqo654AaABAg,Thread,,@toro-i_mokuba,2025-11-09T03:39:00Z,3,自分もずっと一人だから、その分日々の食事に変化をつけて楽しんでいます。,https://yt3.ggpht.com/3d0EwPqCnyOUCszvxm43ghcgWOsAzX2zAEeSrqwViydL_JeEzlJsR6Qqt_GzvZNoINTY_w-4_Q=s48-c-k-c0x00ffffff-no-rj,https://www.youtube.com/watch?v=8iLA0MLSXVU
Ugx5hD-XYGTXXXPqo654AaABAg.API2NCNryS_APTqBE4cAT5,Reply,Ugx5hD-XYGTXXXPqo654AaABAg,@吉村道明-p6o,2025-11-13T17:34:40Z,2,"貴方も一人ですか、
私もずーっと一人です。
わかります、わかります!",https://yt3.ggpht.com/OK7lB-9N_a4MU_xJGTkaDqiZV8pJFbA-Z0uF8mPrC_2wChGiQVge1bgUgiHUPhW01aeqrBhe7g=s48-c-k-c0x00ffffff-no-rj,https://www.youtube.com/watch?v=8iLA0MLSXVU
UgwOfQ_tN3PLnai4VPp4AaABAg,Thread,,@veryvery525,2025-12-19T11:21:17Z,2,赤だしみそはいいぞ,https://yt3.ggpht.com/ytc/AIdro_lKj9R05yxF5X8pupzQmSnIpPjqtDAxlXNiRVxgd8c=s48-c-k-c0x00ffffff-no-rj,https://www.youtube.com/watch?v=8iLA0MLSXVU
UgynyLUtGHSnFdagnYl4AaABAg,Thread,,@zuka2120,2025-11-11T13:20:34Z,4,鍋焼うどん。具はネギと卵で十分だけど油揚げも欲しいかな。,https://yt3.ggpht.com/ytc/AIdro_lpLDNdmg5UpkB8fxqPeLivRlDFyW853WL_8q3TuyMNtcCN=s48-c-k-c0x00ffffff-no-rj,https://www.youtube.com/watch?v=8iLA0MLSXVU
UgzWFs1appmoCoBmZ9V4AaABAg,Thread,,@Hidemaruch,2025-11-08T05:17:07Z,2,"火を使わなくていいな！

↑お湯はどうやって作るのかな。。",https://yt3.ggpht.com/sriOAQaoONjO5EwcNOuu-4zNzJWaXD1iJA7hEe2b7_--OjxIVa8tuas9dvm_WL9NM1ET4p1Z=s48-c-k-c0x00ffffff-no-rj,https://www.youtube.com/watch?v=8iLA0MLSXVU
Ugyze62Kyq4eiQlTgDV4AaABAg,Thread,,@和泉一郎,2025-11-08T13:35:58Z,6,江戸の食卓ってのも良いのですが、山ん中の農村や海岸部の漁師町なら、どんなメニューになるのかな？,https://yt3.ggpht.com/ytc/AIdro_mgrskRYed37OdtudEkNIR4MDictPwHS7xr1y-gd7c=s48-c-k-c0x00ffffff-no-rj,https://www.youtube.com/watch?v=8iLA0MLSXVU
UgwtxWqSTskyZNHX18N4AaABAg,Thread,,@橋本ひろみひろみん,2025-11-08T14:17:19Z,3,最強、ボッチ飯🍚,https://yt3.ggpht.com/tiYxkj_o6WG2yB289_UhJX6IGK7eCxKpPZxEBzNF9c0yoApS00dQ8bDfZpnXNiA72YUaNsHyiDM=s48-c-k-c0x00ffffff-no-rj,https://www.youtube.com/watch?v=8iLA0MLSXVU
UgzThCXS4d8soKrqJf54AaABAg,Thread,,@青木一茂-w8n,2025-11-08T16:26:03Z,5,還暦の一人鍋は、牛肉切落しと水菜のハリハリ鍋❤　市販の出汁で、締めにうどんで👍❗,https://yt3.ggpht.com/ytc/AIdro_nXpwz90VNhfoEbZkfO2Yzmf6U9ui_8_usb-ifwJiU=s48-c-k-c0x00ffffff-no-rj,https://www.youtube.com/watch?v=8iLA0MLSXVU
Ugx6nyFTtb9wn1phMsZ4AaABAg,Thread,,@Dおら衛門,2025-11-13T14:36:07Z,1,遅く帰ってくると何食べても太るのでジコ坊のやつ　冷凍ブロッコリーかぼちゃ味噌お粥食べてる　美味しい,https://yt3.ggpht.com/ytc/AIdro_kK3FN-iRmQ9nIkI6cDOh90hS74t0f-kEZgvQHuKUqcEg=s48-c-k-c0x00ffffff-no-rj,https://www.youtube.com/watch?v=8iLA0MLSXVU
UgyaWXDjGClxvCc4Y854AaABAg,Thread,,@運香武利蔵,2025-11-07T11:33:57Z,3,"江戸時代 100年前（昭和）
サムネ テキトーすぎて草😂",https://yt3.ggpht.com/ytc/AIdro_m18_OrhRNm8w21sEEKKOvr4xmFA7TIAVd6kNb9M2LtnXT-FQc=s48-c-k-c0x00ffffff-no-rj,https://www.youtube.com/watch?v=8iLA0MLSXVU
UgyRXvc9VRmpUrGM_RF4AaABAg,Thread,,@azizkhan9704,2025-11-26T08:16:59Z,3,"7:16 
生 インスタントみたいなやつですね😅
それもお椀に入れて お湯 をかければすぐに飲められるっていうやつです😅
今はカップの中に入れて飲む のもいいですね😅",https://yt3.ggpht.com/ytc/AIdro_kdWs4NHCWwpDEM3Sfnb2DmbR5G6ogZXW0gMp0FDGvR3o4=s48-c-k-c0x00ffffff-no-rj,https://www.youtube.com/watch?v=8iLA0MLSXVU
Ugz8UmnpFswcvA4sE7F4AaABAg,Thread,,@nanaha7781,2025-11-09T04:10:28Z,4,"豆腐もいいけど、コクと腹持ちを考えたら厚揚げがいいと思う
シメには冷や飯でも入れて雑炊に…
やっぱり『塩＋油＋糖質』は最強なんですねぇ",https://yt3.ggpht.com/ytc/AIdro_mWSiSd_RuQa0DIu7Gug_7Lzn9s8IjVMajCO5bOS5REKA=s48-c-k-c0x00ffffff-no-rj,https://www.youtube.com/watch?v=8iLA0MLSXVU
Ugxn2tTuvr1VmdhcZ3x4AaABAg,Thread,,@鈴木豊-f5c,2025-11-07T04:46:38Z,2,辰五郎は、もはやレギュラーキャラ？,https://yt3.ggpht.com/ytc/AIdro_mnj8wdXwGVkuHPs_U_25_fpd8S09y7Kezijfy1Y2QwUWA=s48-c-k-c0x00ffffff-no-rj,https://www.youtube.com/watch?v=8iLA0MLSXVU
UgxXwWBXiDEjaHX4bql4AaABAg,Thread,,@獅龍凰,2025-11-07T09:26:02Z,13,お湯用意したら火は使っとるやんけ(笑),https://yt3.ggpht.com/tIvcaaKYbq-77Y6Mq1odwzs-Csds6Tty6iZLYNmYTiLJEraYhsblMJrksfpjYB3SJyO_u9s1r60=s48-c-k-c0x00ffffff-no-rj,https://www.youtube.com/watch?v=8iLA0MLSXVU
UgxXwWBXiDEjaHX4bql4AaABAg.APDWVCWYCc2APERkIa8cvd,Reply,UgxXwWBXiDEjaHX4bql4AaABAg,@芝鯖ロン,2025-11-07T18:03:47Z,14,火鉢にヤカン置くのは普通にある。,https://yt3.ggpht.com/ytc/AIdro_kxfFcy7D27j3yHNuApPHQuyDM09_Uwq43Jo5iHZNE=s48-c-k-c0x00ffffff-no-rj,https://www.youtube.com/watch?v=8iLA0MLSXVU
UgxXwWBXiDEjaHX4bql4AaABAg.APDWVCWYCc2APGKsB4hGM6,Reply,UgxXwWBXiDEjaHX4bql4AaABAg,@Looshe.HappyTRIGGER,2025-11-08T11:42:11Z,10,​@芝鯖ロン今はファンヒーターがメインになって、ストーブでお湯沸かしたり、鍋でコトコトやったりって知らない世代が増えてるかもね。,https://yt3.ggpht.com/4AnRgPP_vOPPs7pJ44_1n5bSoW4wwv-RubHcH6Y4eztJgFq_NIU_3w3izq0eioeZkTi5iwFp=s48-c-k-c0x00ffffff-no-rj,https://www.youtube.com/watch?v=8iLA0MLSXVU
UgwCxJ15GZqrpe8JYzx4AaABAg,Thread,,@katsupuyo1,2025-12-26T21:30:52Z,0,ずんだもんのチョンマゲ姿変すぎ草🌱,https://yt3.ggpht.com/ytc/AIdro_mL0Vn4z85fvgFLii3oc9Ilexgrwqf2kwHPpjbzxpc=s48-c-k-c0x00ffffff-no-rj,https://www.youtube.com/watch?v=8iLA0MLSXVU
Ugyqs6GiegX7yD0F5LV4AaABAg,Thread,,@月影-q1w,2025-11-07T10:53:41Z,5,江戸時代の男の独り身は、結局屋台か居酒屋(煮売屋)だよな～😅,https://yt3.ggpht.com/ytc/AIdro_mTq6Z48KTYnHoyu_XSzvOU6C0cJLoHQM_ocAlL6WAUVA=s48-c-k-c0x00ffffff-no-rj,https://www.youtube.com/watch?v=8iLA0MLSXVU
UgwciwPLov14vUySUwJ4AaABAg,Thread,,@東村山ポンポコ左衛門ゴム長,2025-11-07T03:22:42Z,21,昔親ほど歳の離れた飲み屋のお姉さんが出してくれたレンチン湯豆腐が早くて安くて洗い物が出ないからマジオススメ,https://yt3.ggpht.com/ytc/AIdro_ljWXa6M_zWzH5qF5i2lF96KS_IriYqwKnDgvc-mNE=s48-c-k-c0x00ffffff-no-rj,https://www.youtube.com/watch?v=8iLA0MLSXVU
UgwciwPLov14vUySUwJ4AaABAg.APCruz9GlMfAPFTnWh8A3z,Reply,UgwciwPLov14vUySUwJ4AaABAg,@大月十郎,2025-11-08T03:40:57Z,0,それ婆さんだろ笑,https://yt3.ggpht.com/ytc/AIdro_mAX1CfhVnRpZsI7B4GOWo7xfcSOWh8l3jCJH6qKFg=s48-c-k-c0x00ffffff-no-rj,https://www.youtube.com/watch?v=8iLA0MLSXVU
UgwciwPLov14vUySUwJ4AaABAg.APCruz9GlMfAPGLEiR3XKU,Reply,UgwciwPLov14vUySUwJ4AaABAg,@Looshe.HappyTRIGGER,2025-11-08T11:45:24Z,1,"​@大月十郎年の離れたお姉さんと呼ぶくらいだから、美魔女だったのでは？

ワイも20代の頃に通った、B'z大好きなスナックのママは50超えてたけど、めっちゃキレイな方でしたよ？（笑）",https://yt3.ggpht.com/4AnRgPP_vOPPs7pJ44_1n5bSoW4wwv-RubHcH6Y4eztJgFq_NIU_3w3izq0eioeZkTi5iwFp=s48-c-k-c0x00ffffff-no-rj,https://www.youtube.com/watch?v=8iLA0MLSXVU
UgzFRZ_zgEKT3EwQKZN4AaABAg,Thread,,@realfordf1865,2025-11-09T09:01:26Z,2,ググったら長ネギは大阪の陣で分捕って来た九条ネギみたいな品種の種を当時寒冷だった江戸で栽培出来る様に品種改良されて今の白い部分も食べる長ネギが出来たって説があるみたいね。ネギも江戸らしい食材だったのかも？,https://yt3.ggpht.com/ytc/AIdro_nXP3VffoGVtO6ZDEW7SYeogZSKdUDQ-PjfM0swAvs=s48-c-k-c0x00ffffff-no-rj,https://www.youtube.com/watch?v=8iLA0MLSXVU
Ugw0Ih1l-adL2lLe5zR4AaABAg,Thread,,@阿部匠-k1q,2025-11-08T19:34:57Z,0,呉汁って手もあるな…,https://yt3.ggpht.com/ytc/AIdro_lFFW-nj60JfhTG590s75U0dWxzJiGsU07Mq2tqA7-t2yj2XpI=s48-c-k-c0x00ffffff-no-rj,https://www.youtube.com/watch?v=8iLA0MLSXVU
UgzF31Lm6X9PTwksC8F4AaABAg,Thread,,@hinomaru_sensu,2025-11-07T03:36:27Z,9,オカラといえば「素浪人 花山大吉」😅,https://yt3.ggpht.com/AArkOmuvIKC75-Wbfa-_DrVKdyuMO0ZNiYJx-U9otr0kqehn3uFARcdvb-PWaz0RxwxX9mV7LA=s48-c-k-c0x00ffffff-no-rj,https://www.youtube.com/watch?v=8iLA0MLSXVU
UgzF31Lm6X9PTwksC8F4AaABAg.APCtUgCj4H3APGW5rM0dGS,Reply,UgzF31Lm6X9PTwksC8F4AaABAg,@和泉一郎,2025-11-08T13:20:18Z,2,よっ、近衛十四郎。,https://yt3.ggpht.com/ytc/AIdro_mgrskRYed37OdtudEkNIR4MDictPwHS7xr1y-gd7c=s48-c-k-c0x00ffffff-no-rj,https://www.youtube.com/watch?v=8iLA0MLSXVU
UgxLRjx3Ebm7MHGd0ch4AaABAg,Thread,,@ロック6969,2025-11-08T13:51:45Z,0,"配信、感謝します。　台湾で食べた火鍋がなつかしく、しかし最適なタレに巡り遭うには時が掛かりました。　
Youki の麻辣火鍋の素で望みがかない、毎週ぐらい仕立ててます。　キノコ類を干す知恵も授かったので、ずいぶん豊かになりました。",https://yt3.ggpht.com/ytc/AIdro_mAJgEuSTJL3fE4_DM-dPpBQEs1_LGvCBsxpu3LU56LZQ=s48-c-k-c0x00ffffff-no-rj,https://www.youtube.com/watch?v=8iLA0MLSXVU
UgyzafaEMQgmDKnTku94AaABAg,Thread,,@monger-z5u,2025-11-08T09:28:30Z,2,のちのあさげである,https://yt3.ggpht.com/ytc/AIdro_m2Vf0F2lr4XZ3SasUzJ8isR2xA070iqX2oKvEU-RSqkY8xVH5UiJORv-KncWkHvlzB7A=s48-c-k-c0x00ffffff-no-rj,https://www.youtube.com/watch?v=8iLA0MLSXVU
UgwLTZx9knPRH-_mQBV4AaABAg,Thread,,@辻野英伸,2025-12-20T06:55:44Z,1,"ボッチ飯は、鍋料理に限る😅
初日は水炊き、次に味噌入れて味噌鍋、最後にカレー入れて😅",https://yt3.ggpht.com/ytc/AIdro_lDbPA3AdsJo_ytTd2kUyLKeBbBuSv5LgPV6jRJpxlqT_FbErQ=s48-c-k-c0x00ffffff-no-rj,https://www.youtube.com/watch?v=8iLA0MLSXVU
Ugz24gCzv5NlEazYzeJ4AaABAg,Thread,,@lan-lw5qu,2025-11-11T08:16:59Z,5,"火鉢をみんな知らないのか？……
時代によっては、夜は土間にある釜戸に火を入れての煮炊きは禁止だが、火鉢のように灰の中に炭をオキにしておき簡単に炭に火が付くようにして暖房や湯を沸かしたりする。",https://yt3.ggpht.com/LFiXk0u6r-Zg-8XFovaZdKSWuhKific--YTj25yxCxSYtzOhCL8Q_-V8vWBsbJ9HwniqE2z4Jw=s48-c-k-c0x00ffffff-no-rj,https://www.youtube.com/watch?v=8iLA0MLSXVU
Ugz24gCzv5NlEazYzeJ4AaABAg.APNglrg80LRAPSvToeCy8V,Reply,Ugz24gCzv5NlEazYzeJ4AaABAg,@宇高多城代坂Do太郎,2025-11-13T09:01:39Z,5,"今でも長火鉢を使って剣客商売シリーズに出てくる料理を作ったりしてる動画がありますね
根深汁とか美味そうだった",https://yt3.ggpht.com/e_Vo7pdlonqAe-6VktOlcgqYRFXcoFhemyrolmWP-qAtT2T5nvFoMSkkQabv6tcVyIkXAV_D9uo=s48-c-k-c0x00ffffff-no-rj,https://www.youtube.com/watch?v=8iLA0MLSXVU
Ugw06E45cmNmorj0Sud4AaABAg,Thread,,@mkt314159,2026-01-08T06:59:18Z,0,"ボッチ男（俺）　　　「すいませーん、ボッチ飯のメニューありますか？」
ウェイトレス　　　 「は？？」",https://yt3.ggpht.com/ytc/AIdro_n1aHOKCTieIdDjOUHZOFP9TT2Bt1dOpfOsCPrXBY2z_ag=s48-c-k-c0x00ffffff-no-rj,https://www.youtube.com/watch?v=8iLA0MLSXVU
UgwOIMEjiU4xEActXih4AaABAg,Thread,,@モももモ,2025-11-07T04:40:22Z,14,"そうそうこういうのだよ
制作チームはこの人のを参考にして作ってくれ",https://yt3.ggpht.com/ytc/AIdro_koDsUxpOteda_FIxPMiDN-stMhno4YZw7fqVU08IP3VSo=s48-c-k-c0x00ffffff-no-rj,https://www.youtube.com/watch?v=8iLA0MLSXVU
UgwVUvyRV_Xm88SABfF4AaABAg,Thread,,@鈴木正勝-j4s,2025-11-08T10:20:50Z,1,鶏の胸肉、タマネギ🧅、ニンジン🥕ジャガイモ🥔、ブロッコリー🥦とハウス〇〇と牛乳ってタダのクリームシチュー🍲じゃねえか😂,https://yt3.ggpht.com/ytc/AIdro_nMJCCFmTj5pK-SH-624CcJdOVM8GM5IVe6yQYCOR0OiLY=s48-c-k-c0x00ffffff-no-rj,https://www.youtube.com/watch?v=8iLA0MLSXVU
UgyEQI5nX7NEFfCKNfx4AaABAg,Thread,,@jenniewwww,2025-11-08T11:18:21Z,9,"白菜とキノコがありゃ充分・・・と思ったが何かが足りない
かと言って肉は違う

この動画で豆腐の重要性を教えて貰いました
今度豆腐買ってこよー",https://yt3.ggpht.com/ytc/AIdro_n4O3YiPq3TXVrESeBb6jj5wkEGDRd0mWZcAMyUfqhC1v8=s48-c-k-c0x00ffffff-no-rj,https://www.youtube.com/watch?v=8iLA0MLSXVU
UgyP2eTL3jD7a9Lf9SR4AaABAg,Thread,,@cci4560,2025-11-07T12:13:33Z,0,東北より寒いだと？,https://yt3.ggpht.com/ytc/AIdro_li1kkYDqaGiAAWQN6r79K4xxgvuC9KKmwUkcSVfs27ZUbAjgffmZj1vWSvnQ0WcMrCzqI=s48-c-k-c0x00ffffff-no-rj,https://www.youtube.com/watch?v=8iLA0MLSXVU
UgzED8uNup0BEnK6j1t4AaABAg,Thread,,@カスミ-x6i,2025-11-07T04:04:34Z,13,"7:15 
味噌玉を使うのに火を使わなくて良いと言うがポットもT-falも無い江戸時代なら湯を作るのに火を使うのでは？",https://yt3.ggpht.com/ytc/AIdro_nHERbHx4kPGumz0YSVplKZtXLyGtimfWAnKxFz-8JUz1bpITxPYD2bZdUe7mNmIR92NIag=s48-c-k-c0x00ffffff-no-rj,https://www.youtube.com/watch?v=8iLA0MLSXVU
UgzED8uNup0BEnK6j1t4AaABAg.APCwhd4MyE0APEJ2klKaTF,Reply,UgzED8uNup0BEnK6j1t4AaABAg,@ゆっけ-k6b,2025-11-07T16:47:48Z,17,"「燃料を圧縮できる」とのことなので火を完全に使わないのはもちろん無理でしょうけど、
お湯を沸かすだけなら火鉢の置き火でなんとかなるんじゃないでしょうか",https://yt3.ggpht.com/ytc/AIdro_m8RsrogZuZ5Fz-9DhBJLT7Q01vhs6IikszuiTAomU=s48-c-k-c0x00ffffff-no-rj,https://www.youtube.com/watch?v=8iLA0MLSXVU
UgxJ8u7BKaRVoVocFuB4AaABAg,Thread,,@カピバラ-c1m,2025-11-10T12:08:51Z,1,どうやって火を炊かずにお湯を沸かすのか？,https://yt3.ggpht.com/ytc/AIdro_ke6JZoNauF1Bi5xKignvra67GwDrOFiRrQZ1Nh4Ea8PxQ=s48-c-k-c0x00ffffff-no-rj,https://www.youtube.com/watch?v=8iLA0MLSXVU
UgxQscZmn2ynQ4ZgM_h4AaABAg,Thread,,@猫吉-o5w,2025-11-29T09:18:03Z,2,"所詮、今も昔も金・金・金なのである😫
辰五郎ドンマイ😅",https://yt3.ggpht.com/ytc/AIdro_nEXErB8iDobHAzF8briRfCuh1VNww-_ojzbnU3NlEVQB8=s48-c-k-c0x00ffffff-no-rj,https://www.youtube.com/watch?v=8iLA0MLSXVU
UgwF0aec8B_LK66wzXh4AaABAg,Thread,,@未明昨夜-g7b,2026-01-12T11:39:40Z,0,だけど、独身職人の朝は早いから、そんな毎日はムリかなと湯気🍲の向こうから思いました😢,https://yt3.ggpht.com/ytc/AIdro_nJcEDcr38Q0KjSJL5pfRfVjF7ZgvVghIfq2LfLG8ZgL_PJsmY=s48-c-k-c0x00ffffff-no-rj,https://www.youtube.com/watch?v=8iLA0MLSXVU
UgwF0aec8B_LK66wzXh4AaABAg.ARshFd6R3srAS1vFpJdwI3,Reply,UgwF0aec8B_LK66wzXh4AaABAg,@tokiwokakeru.zundamon,2026-01-16T10:54:26Z,1,職人の朝は早いのだ！🫛,https://yt3.ggpht.com/RHdmh52IMNOODaZ42aXXydVjlWK7yVfyAR_BN5opV2UYUNcUfqEfTpYuIOEaodtNjTH50elmB6Y=s48-c-k-c0x00ffffff-no-rj,https://www.youtube.com/watch?v=8iLA0MLSXVU
Ugx9Uj5A0pEaD2QWKmZ4AaABAg,Thread,,@SEMchannel5,2025-11-07T12:15:41Z,0,溶かすときにかき混ぜたら豆腐がボロボロになりそうだし、味噌玉入れてから豆腐入れたほうが良いかもね。,https://yt3.ggpht.com/ytc/AIdro_magNLNPlyQKnO8PeX7C99TYrfQJ3Yh48evN32i3n2wcA=s48-c-k-c0x00ffffff-no-rj,https://www.youtube.com/watch?v=8iLA0MLSXVU
Ugx9Uj5A0pEaD2QWKmZ4AaABAg.APDouh_apIkAPE-ZKQBQeC,Reply,Ugx9Uj5A0pEaD2QWKmZ4AaABAg,@高山まゆのり,2025-11-07T13:57:29Z,4,江戸時代の豆腐は高野豆腐ほどじゃないけど、形崩れしにくいんですよ。だから腹持ちもいい🎉,https://yt3.ggpht.com/ytc/AIdro_lbpfOC9I8qLiOVcpkqVGISdiSIIKblr7zkprr7zVhB1cV6PVM=s48-c-k-c0x00ffffff-no-rj,https://www.youtube.com/watch?v=8iLA0MLSXVU
UgzaCZ_p23wAKj671UF4AaABAg,Thread,,@うに-c8m9p,2025-11-09T08:18:34Z,1,火使わずお湯わかせるんか？,https://yt3.ggpht.com/ytc/AIdro_nEqr7ekqYdHBLwfsx4Dis6vPP8kEaTiMbz8as9IYCokw=s48-c-k-c0x00ffffff-no-rj,https://www.youtube.com/watch?v=8iLA0MLSXVU
UgzoFzkbG0OzCAT71a14AaABAg,Thread,,@42506791,2025-11-08T13:15:20Z,6,ずんだもんが女って事ほとんどの人が忘れてるよなｗ,https://yt3.ggpht.com/ytc/AIdro_kJaaNJtKH5e1onDEC__tusup4SYmSzjU2957Ty5zQ=s48-c-k-c0x00ffffff-no-rj,https://www.youtube.com/watch?v=8iLA0MLSXVU
UgzlY0E6d_B3WPz5tAx4AaABAg,Thread,,@hirNwnw,2025-11-07T22:55:05Z,2,お湯湧かすのに火いらないの？,https://yt3.ggpht.com/i-F7Q4OTDIkBn4FAXxNCKyo_NEtd29wXWJsNTxEP93wHfm4KlNnLOJwq5tw_s0QAp6hCS8Rl2A=s48-c-k-c0x00ffffff-no-rj,https://www.youtube.com/watch?v=8iLA0MLSXVU
UgzdVT9YqRJtWwQ8UwZ4AaABAg,Thread,,@アゴヒゲバラード,2025-11-07T23:31:47Z,2,"鍋ではないけど、オートミールや麦飯で味噌茶粥か味噌茶雑炊にしてます。
オートミール　煎り米ぬかパウダー　玉ねぎ皮パウダー　魚粉か鰹節
無添加味噌(麦味噌　米味噌　赤味噌　合わせ味噌をローテ)　卵入れて　緑茶　麦茶　ルイボスティー　黒豆茶　ウーロン茶　ほうじ茶等気分で変えてレンチン
仕上げに白ごまふりかけます。
水で作るよりお茶の渋みや旨味　甘味がマッチして美味しくてハマってるし
格安で栄養とれて身体温まるしバリエーションも毎日変えれるし飽きない
ここにカレー粉や生姜パウダー　黒胡椒　七味入れても味変出来る
これに納豆や豆腐　たまに魚の缶詰をおかずにします。",https://yt3.ggpht.com/ytc/AIdro_ndMySoKbBxo0zZi1cdBMoN4l1dBTYiMfa88HhLevIIyJQ=s48-c-k-c0x00ffffff-no-rj,https://www.youtube.com/watch?v=8iLA0MLSXVU
UgwnWqOyNF28Vw8eP_t4AaABAg,Thread,,@OSM0114,2025-11-07T13:46:54Z,1,ひとこと物申す！　味噌玉をかまどが要らないってアゲテルけどお湯はどーすんだ（もん）魔法瓶がない時代だぜ　水で溶いたら身体があったまらないぜ,https://yt3.ggpht.com/ytc/AIdro_lbpy5iEGzhSO3OYs7ym4pZuAHmB2b1KrGQUvwCkGA=s48-c-k-c0x00ffffff-no-rj,https://www.youtube.com/watch?v=8iLA0MLSXVU
UgwnWqOyNF28Vw8eP_t4AaABAg.APDzLmrKtSDAPI6lBu3pb9,Reply,UgwnWqOyNF28Vw8eP_t4AaABAg,@nanaha7781,2025-11-09T04:17:22Z,5,暖房用の長火鉢や小型火鉢の手焙りなんかにヤカンを乗せて、煙草を飲んだりお湯を沸かしてお茶を飲む（兼加湿器）くらいは長屋でもやってましたから,https://yt3.ggpht.com/ytc/AIdro_mWSiSd_RuQa0DIu7Gug_7Lzn9s8IjVMajCO5bOS5REKA=s48-c-k-c0x00ffffff-no-rj,https://www.youtube.com/watch?v=8iLA0MLSXVU
UgyZDmZXZ23NMn9uFMV4AaABAg,Thread,,@takahashikeita-w4j,2025-11-08T10:09:57Z,2,"すみません。
江戸時代にマグロとか東京で釣れたんですか？
しかも庶民の口に入れる事はできたんですか？",https://yt3.ggpht.com/ytc/AIdro_mXKod6Hp66bK54P7W92nqNHUD-ZEWrULsIBoOGr9H_rO5JMPGwLCZzZF38Z-jlxlWHYg=s48-c-k-c0x00ffffff-no-rj,https://www.youtube.com/watch?v=8iLA0MLSXVU
UgyZDmZXZ23NMn9uFMV4AaABAg.APGAJdeoZqdAPGsKAdquUi,Reply,UgyZDmZXZ23NMn9uFMV4AaABAg,@K.hayashi-d6k,2025-11-08T16:43:14Z,5,"数は少ないと思いますが三浦半島辺りから流通してたのかもね、実際、青ものでカツオなどは初ガツオとして江戸っ子の人気でした。
江戸時代になるとインフラも整って海産物もそれなりに流通していたはず、東京の芝浦では芝海老といって海老が大量に取れ、アサリやシジミも取り放題。
東京湾奥にまでいろんな魚が獲れた様子ですね😮😮😮",https://yt3.ggpht.com/ytc/AIdro_n4mkDvVcx9VO1i6RotBXhUDiuYrqEzjkOifsBbi5B29w=s48-c-k-c0x00ffffff-no-rj,https://www.youtube.com/watch?v=8iLA0MLSXVU
UgyZDmZXZ23NMn9uFMV4AaABAg.APGAJdeoZqdAPX9E0t2Xgr,Reply,UgyZDmZXZ23NMn9uFMV4AaABAg,@ちゃめ太郎-h6v,2025-11-15T00:27:32Z,4,"マグロと言ってもクロマグロとかじゃ無いからね。
しかも冷蔵庫みたいなものも無いからマグロのトロは足が速くて捨てるような部位だったらしいよ。",https://yt3.ggpht.com/oLuMrEN6B9vikMyvJ1kMbx6Jkj3jhd1kClDs0iTprEFSq6bSTp50ayh4bmuVLWhtpYh4zesxAg=s48-c-k-c0x00ffffff-no-rj,https://www.youtube.com/watch?v=8iLA0MLSXVU
UgyZDmZXZ23NMn9uFMV4AaABAg.APGAJdeoZqdAQI4CCTrxyR,Reply,UgyZDmZXZ23NMn9uFMV4AaABAg,@コンタミ-o5e,2025-12-04T00:26:23Z,2,江戸時代のマグロはどっちかって言うと嫌われてて庶民しか食わんかったのよ。冷凍・冷蔵技術が一般化するまであんな腐りやすい魚は下賤の者の食い物だった。,https://yt3.ggpht.com/ytc/AIdro_lK-YmsUp8UCgdsO3Q6FhltDfqqiSyztm9i0OxIfHs=s48-c-k-c0x00ffffff-no-rj,https://www.youtube.com/watch?v=8iLA0MLSXVU
UgwSUmM1buthKeB9qL14AaABAg,Thread,,@tomo53930,2025-11-07T12:22:41Z,3,でどうやってお湯を用意するんだ？,https://yt3.ggpht.com/ytc/AIdro_ntBtooB65PRBNmsQhQBvE8xh4D115Jjjdmu_j3_KnyBw=s48-c-k-c0x00ffffff-no-rj,https://www.youtube.com/watch?v=8iLA0MLSXVU
UgwSUmM1buthKeB9qL14AaABAg.APDphvPcSkeAPFmhdMDPWO,Reply,UgwSUmM1buthKeB9qL14AaABAg,@大橋ゆう,2025-11-08T06:34:54Z,3,ヘソで沸かすくらいしか思い浮かばん,https://yt3.ggpht.com/ytc/AIdro_lT20FTA4Mi_eDzAwOqsij_F0e66RDR_YUMbKE-v425pCw=s48-c-k-c0x00ffffff-no-rj,https://www.youtube.com/watch?v=8iLA0MLSXVU
Ugw-W44zKCHGxlgvaMJ4AaABAg,Thread,,@ササクロ,2026-01-16T10:37:59Z,0,おからは現在では最高レベルの健康食品。昔の時代は違った、おからより豆腐的な。でもおからを食して飢餓と健康を保持していた時代は過去から。,https://yt3.ggpht.com/ytc/AIdro_kl5DflvSAt5cCateTrSwaLn4GBN9r6Kpu3KbWBVHt3T53dfl0=s48-c-k-c0x00ffffff-no-rj,https://www.youtube.com/watch?v=8iLA0MLSXVU
Ugw-W44zKCHGxlgvaMJ4AaABAg.AS1tNNgG6tjAS1uiLwxiwU,Reply,Ugw-W44zKCHGxlgvaMJ4AaABAg,@tokiwokakeru.zundamon,2026-01-16T10:49:43Z,0,おから、とっても健康的なのだ！🫛,https://yt3.ggpht.com/RHdmh52IMNOODaZ42aXXydVjlWK7yVfyAR_BN5opV2UYUNcUfqEfTpYuIOEaodtNjTH50elmB6Y=s48-c-k-c0x00ffffff-no-rj,https://www.youtube.com/watch?v=8iLA0MLSXVU
Ugw-W44zKCHGxlgvaMJ4AaABAg.AS1tNNgG6tjASqL1ErIJNS,Reply,Ugw-W44zKCHGxlgvaMJ4AaABAg,@熊木圭司,2026-02-05T10:09:38Z,0,14:19,https://yt3.ggpht.com/ytc/AIdro_lbpfOC9I8qLiOVcpkqVGISdiSIIKblr7zkprr7zVhB1cV6PVM=s48-c-k-c0x00ffffff-no-rj,https://www.youtube.com/watch?v=8iLA0MLSXVU
Ugw-W44zKCHGxlgvaMJ4AaABAg.AS1tNNgG6tjASqL2636dxW,Reply,Ugw-W44zKCHGxlgvaMJ4AaABAg,@熊木圭司,2026-02-05T10:09:45Z,0,14:19,https://yt3.ggpht.com/ytc/AIdro_lbpfOC9I8qLiOVcpkqVGISdiSIIKblr7zkprr7zVhB1cV6PVM=s48-c-k-c0x00ffffff-no-rj,https://www.youtube.com/watch?v=8iLA0MLSXVU
Ugw-W44zKCHGxlgvaMJ4AaABAg.AS1tNNgG6tjASqL3EgdCiQ,Reply,Ugw-W44zKCHGxlgvaMJ4AaABAg,@熊木圭司,2026-02-05T10:09:54Z,0,14:19,https://yt3.ggpht.com/ytc/AIdro_lbpfOC9I8qLiOVcpkqVGISdiSIIKblr7zkprr7zVhB1cV6PVM=s48-c-k-c0x00ffffff-no-rj,https://www.youtube.com/watch?v=8iLA0MLSXVU
Ugw-W44zKCHGxlgvaMJ4AaABAg.AS1tNNgG6tjASqL4w8WYb0,Reply,Ugw-W44zKCHGxlgvaMJ4AaABAg,@熊木圭司,2026-02-05T10:10:08Z,0,14:19 14:47,https://yt3.ggpht.com/ytc/AIdro_lbpfOC9I8qLiOVcpkqVGISdiSIIKblr7zkprr7zVhB1cV6PVM=s48-c-k-c0x00ffffff-no-rj,https://www.youtube.com/watch?v=8iLA0MLSXVU
UgxMJLY4gDYSXjTQkF54AaABAg,Thread,,@嘉乃佐,2025-11-07T05:51:27Z,4,100年前だと、大正14年でしょ？,https://yt3.ggpht.com/ytc/AIdro_kTUFOyGfqWDvqcYrM4nZwFNUJBKhOA_j2c_dATGZkgfW8=s48-c-k-c0x00ffffff-no-rj,https://www.youtube.com/watch?v=8iLA0MLSXVU
UgzsAXC0xhLgFuq2Z_54AaABAg,Thread,,@雷電-g7v,2025-11-08T09:39:02Z,6,"江戸時代までは家督を継ぐ者以外は放っておかれて結婚しなくても何も言われなかったけど、
明治の富国強兵策で半強制的に結婚させて「産めよ殖やせよ国の為」が終戦まで続いたんですよね。
周囲から圧を掛けられない限り、現在日本の非婚化と少子化が自然な成り行きだと思う。",https://yt3.ggpht.com/ytc/AIdro_lv_G4grv6nJnjJpgmZsmL9xa99Nw53Ap0l73A_5odGZQ=s48-c-k-c0x00ffffff-no-rj,https://www.youtube.com/watch?v=8iLA0MLSXVU
Ugx350KUBzYSv3RGnIh4AaABAg,Thread,,@せがた三四郎-i2l,2025-11-08T08:15:12Z,2,"ずんだもん
髪型可愛らしい😊",https://yt3.ggpht.com/Kq3ptR62hDF_piYBBS9BYKYppQzKkv4uE5Gl7hHDHOnvVtraTo7FsXpKO5MgiYQccz_Zob8J=s48-c-k-c0x00ffffff-no-rj,https://www.youtube.com/watch?v=8iLA0MLSXVU
UgyPKaRhK_scPo9pb1h4AaABAg,Thread,,@大月十郎,2025-11-08T03:53:04Z,0,セリフまともになったけど、スープとかカタカナはやめろや！,https://yt3.ggpht.com/ytc/AIdro_mAX1CfhVnRpZsI7B4GOWo7xfcSOWh8l3jCJH6qKFg=s48-c-k-c0x00ffffff-no-rj,https://www.youtube.com/watch?v=8iLA0MLSXVU
UgzoLpXKNCMeZMPAyXR4AaABAg,Thread,,@conekeiba,2025-11-10T12:22:16Z,0,江戸時代ずんだもんだけはマジで見た目がキショいよね,https://yt3.ggpht.com/KSzw_AxNbn6gKbfy14X2JETZ3my5qEFSwTPjd3SBJNQGHNy2qLXCg0PmYONvGJMaGPP5mrde3A=s48-c-k-c0x00ffffff-no-rj,https://www.youtube.com/watch?v=8iLA0MLSXVU
UgwLAOc9Dw3BmvybsGR4AaABAg,Thread,,@mikazuki230,2025-11-08T04:14:48Z,0,"生粋の日本人は梅干しがたくさん有ればどんぶり飯を食える‼️
梅干しは適度な塩気や赤紫蘇のはんなり酸味で食欲を増加させてくれます‼️
梅干しは酸っぱ過ぎず塩辛ずで梅は本場和歌山紀州南高の梅‼️
(8代将軍吉宗の故郷&水戸の梅公園‼️)
仕掛人藤枝梅安の好物は湯豆腐鍋‼️

さしすせそ
(さ砂糖)(し塩)(せ·せおゆ⇒醤油)(す酢)(そ味噌󠄀)

川や池に行けばカニと魚が多く捕れて貴重な動物性タンパク質等を摂取出来る‼️",https://yt3.ggpht.com/ytc/AIdro_mcsFS8iJesHpRHhJuDzstf9Vh-gXcrR6dD0UrJ6KQ=s48-c-k-c0x00ffffff-no-rj,https://www.youtube.com/watch?v=8iLA0MLSXVU
UgzY4nBC1D6vzLNwMUl4AaABAg,Thread,,@seorituhime.,2025-11-09T10:34:11Z,0,語彙の豊かさは即、こころの豊かさに通じ、性的(種族保存的)快感を越えて個的存在を豊かに深く支えてくれるのだ。AV男優女優が「幸福の完成形」ではなく仏道行者などに敬意は向く必然がそこにはある。人生は心が主役、身体は脇役なのだ。,https://yt3.ggpht.com/4KOJnJkrOz5IgQkAKkUiu2sEJwZSOakktSZnDD2RzRNHZrMUl-KQSedsG2-O2lvU21sXhn8=s48-c-k-c0x00ffffff-no-rj,https://www.youtube.com/watch?v=8iLA0MLSXVU
Ugyn5uVl_MELUAZ_4bh4AaABAg,Thread,,@Kankichu,2025-11-07T12:16:56Z,7,なんかところどころ文章構成がAI臭いな。,https://yt3.ggpht.com/ytc/AIdro_neKk4AhgNYgsZuPEY46fnhcPjnjWQHjWONG-JCJR8Z=s48-c-k-c0x00ffffff-no-rj,https://www.youtube.com/watch?v=8iLA0MLSXVU