日付,コンテンツ,動画のタイトル,動画公開時刻,長さ,平均視聴時間
2025-09-02,0PicZI8GYOI,江戸に「ざるそば」は存在しない。粋ではなく「生存」のために食われた一杯,"Dec 18, 2025",615,0:00:00
2025-09-03,0PicZI8GYOI,江戸に「ざるそば」は存在しない。粋ではなく「生存」のために食われた一杯,"Dec 18, 2025",615,0:00:00
2025-09-04,0PicZI8GYOI,江戸に「ざるそば」は存在しない。粋ではなく「生存」のために食われた一杯,"Dec 18, 2025",615,0:00:00
2025-09-05,0PicZI8GYOI,江戸に「ざるそば」は存在しない。粋ではなく「生存」のために食われた一杯,"Dec 18, 2025",615,0:00:00
2025-09-06,0PicZI8GYOI,江戸に「ざるそば」は存在しない。粋ではなく「生存」のために食われた一杯,"Dec 18, 2025",615,0:00:00
2025-09-07,0PicZI8GYOI,江戸に「ざるそば」は存在しない。粋ではなく「生存」のために食われた一杯,"Dec 18, 2025",615,0:00:00
2025-09-08,0PicZI8GYOI,江戸に「ざるそば」は存在しない。粋ではなく「生存」のために食われた一杯,"Dec 18, 2025",615,0:00:00
2025-09-09,0PicZI8GYOI,江戸に「ざるそば」は存在しない。粋ではなく「生存」のために食われた一杯,"Dec 18, 2025",615,0:00:00
2025-09-10,0PicZI8GYOI,江戸に「ざるそば」は存在しない。粋ではなく「生存」のために食われた一杯,"Dec 18, 2025",615,0:00:00
2025-09-11,0PicZI8GYOI,江戸に「ざるそば」は存在しない。粋ではなく「生存」のために食われた一杯,"Dec 18, 2025",615,0:00:00
2025-09-12,0PicZI8GYOI,江戸に「ざるそば」は存在しない。粋ではなく「生存」のために食われた一杯,"Dec 18, 2025",615,0:00:00
2025-09-13,0PicZI8GYOI,江戸に「ざるそば」は存在しない。粋ではなく「生存」のために食われた一杯,"Dec 18, 2025",615,0:00:00
2025-09-14,0PicZI8GYOI,江戸に「ざるそば」は存在しない。粋ではなく「生存」のために食われた一杯,"Dec 18, 2025",615,0:00:00
2025-09-15,0PicZI8GYOI,江戸に「ざるそば」は存在しない。粋ではなく「生存」のために食われた一杯,"Dec 18, 2025",615,0:00:00
2025-09-16,0PicZI8GYOI,江戸に「ざるそば」は存在しない。粋ではなく「生存」のために食われた一杯,"Dec 18, 2025",615,0:00:00
2025-09-17,0PicZI8GYOI,江戸に「ざるそば」は存在しない。粋ではなく「生存」のために食われた一杯,"Dec 18, 2025",615,0:00:00
2025-09-18,0PicZI8GYOI,江戸に「ざるそば」は存在しない。粋ではなく「生存」のために食われた一杯,"Dec 18, 2025",615,0:00:00
2025-09-19,0PicZI8GYOI,江戸に「ざるそば」は存在しない。粋ではなく「生存」のために食われた一杯,"Dec 18, 2025",615,0:00:00
2025-09-20,0PicZI8GYOI,江戸に「ざるそば」は存在しない。粋ではなく「生存」のために食われた一杯,"Dec 18, 2025",615,0:00:00
2025-09-21,0PicZI8GYOI,江戸に「ざるそば」は存在しない。粋ではなく「生存」のために食われた一杯,"Dec 18, 2025",615,0:00:00
2025-09-22,0PicZI8GYOI,江戸に「ざるそば」は存在しない。粋ではなく「生存」のために食われた一杯,"Dec 18, 2025",615,0:00:00
2025-09-23,0PicZI8GYOI,江戸に「ざるそば」は存在しない。粋ではなく「生存」のために食われた一杯,"Dec 18, 2025",615,0:00:00
2025-09-24,0PicZI8GYOI,江戸に「ざるそば」は存在しない。粋ではなく「生存」のために食われた一杯,"Dec 18, 2025",615,0:00:00
2025-09-25,0PicZI8GYOI,江戸に「ざるそば」は存在しない。粋ではなく「生存」のために食われた一杯,"Dec 18, 2025",615,0:00:00
2025-09-26,0PicZI8GYOI,江戸に「ざるそば」は存在しない。粋ではなく「生存」のために食われた一杯,"Dec 18, 2025",615,0:00:00
2025-09-27,0PicZI8GYOI,江戸に「ざるそば」は存在しない。粋ではなく「生存」のために食われた一杯,"Dec 18, 2025",615,0:00:00
2025-09-28,0PicZI8GYOI,江戸に「ざるそば」は存在しない。粋ではなく「生存」のために食われた一杯,"Dec 18, 2025",615,0:00:00
2025-09-29,0PicZI8GYOI,江戸に「ざるそば」は存在しない。粋ではなく「生存」のために食われた一杯,"Dec 18, 2025",615,0:00:00
2025-09-30,0PicZI8GYOI,江戸に「ざるそば」は存在しない。粋ではなく「生存」のために食われた一杯,"Dec 18, 2025",615,0:00:00
2025-10-01,0PicZI8GYOI,江戸に「ざるそば」は存在しない。粋ではなく「生存」のために食われた一杯,"Dec 18, 2025",615,0:00:00
2025-10-02,0PicZI8GYOI,江戸に「ざるそば」は存在しない。粋ではなく「生存」のために食われた一杯,"Dec 18, 2025",615,0:00:00
2025-10-03,0PicZI8GYOI,江戸に「ざるそば」は存在しない。粋ではなく「生存」のために食われた一杯,"Dec 18, 2025",615,0:00:00
2025-10-04,0PicZI8GYOI,江戸に「ざるそば」は存在しない。粋ではなく「生存」のために食われた一杯,"Dec 18, 2025",615,0:00:00
2025-10-05,0PicZI8GYOI,江戸に「ざるそば」は存在しない。粋ではなく「生存」のために食われた一杯,"Dec 18, 2025",615,0:00:00
2025-10-06,0PicZI8GYOI,江戸に「ざるそば」は存在しない。粋ではなく「生存」のために食われた一杯,"Dec 18, 2025",615,0:00:00
2025-10-07,0PicZI8GYOI,江戸に「ざるそば」は存在しない。粋ではなく「生存」のために食われた一杯,"Dec 18, 2025",615,0:00:00
2025-10-08,0PicZI8GYOI,江戸に「ざるそば」は存在しない。粋ではなく「生存」のために食われた一杯,"Dec 18, 2025",615,0:00:00
2025-10-09,0PicZI8GYOI,江戸に「ざるそば」は存在しない。粋ではなく「生存」のために食われた一杯,"Dec 18, 2025",615,0:00:00
2025-10-10,0PicZI8GYOI,江戸に「ざるそば」は存在しない。粋ではなく「生存」のために食われた一杯,"Dec 18, 2025",615,0:00:00
2025-10-11,0PicZI8GYOI,江戸に「ざるそば」は存在しない。粋ではなく「生存」のために食われた一杯,"Dec 18, 2025",615,0:00:00
2025-10-12,0PicZI8GYOI,江戸に「ざるそば」は存在しない。粋ではなく「生存」のために食われた一杯,"Dec 18, 2025",615,0:00:00
2025-10-13,0PicZI8GYOI,江戸に「ざるそば」は存在しない。粋ではなく「生存」のために食われた一杯,"Dec 18, 2025",615,0:00:00
2025-10-14,0PicZI8GYOI,江戸に「ざるそば」は存在しない。粋ではなく「生存」のために食われた一杯,"Dec 18, 2025",615,0:00:00
2025-10-15,0PicZI8GYOI,江戸に「ざるそば」は存在しない。粋ではなく「生存」のために食われた一杯,"Dec 18, 2025",615,0:00:00
2025-10-16,0PicZI8GYOI,江戸に「ざるそば」は存在しない。粋ではなく「生存」のために食われた一杯,"Dec 18, 2025",615,0:00:00
2025-10-17,0PicZI8GYOI,江戸に「ざるそば」は存在しない。粋ではなく「生存」のために食われた一杯,"Dec 18, 2025",615,0:00:00
2025-10-18,0PicZI8GYOI,江戸に「ざるそば」は存在しない。粋ではなく「生存」のために食われた一杯,"Dec 18, 2025",615,0:00:00
2025-10-19,0PicZI8GYOI,江戸に「ざるそば」は存在しない。粋ではなく「生存」のために食われた一杯,"Dec 18, 2025",615,0:00:00
2025-10-20,0PicZI8GYOI,江戸に「ざるそば」は存在しない。粋ではなく「生存」のために食われた一杯,"Dec 18, 2025",615,0:00:00
2025-10-21,0PicZI8GYOI,江戸に「ざるそば」は存在しない。粋ではなく「生存」のために食われた一杯,"Dec 18, 2025",615,0:00:00
2025-10-22,0PicZI8GYOI,江戸に「ざるそば」は存在しない。粋ではなく「生存」のために食われた一杯,"Dec 18, 2025",615,0:00:00
2025-10-23,0PicZI8GYOI,江戸に「ざるそば」は存在しない。粋ではなく「生存」のために食われた一杯,"Dec 18, 2025",615,0:00:00
2025-10-24,0PicZI8GYOI,江戸に「ざるそば」は存在しない。粋ではなく「生存」のために食われた一杯,"Dec 18, 2025",615,0:00:00
2025-10-25,0PicZI8GYOI,江戸に「ざるそば」は存在しない。粋ではなく「生存」のために食われた一杯,"Dec 18, 2025",615,0:00:00
2025-10-26,0PicZI8GYOI,江戸に「ざるそば」は存在しない。粋ではなく「生存」のために食われた一杯,"Dec 18, 2025",615,0:00:00
2025-10-27,0PicZI8GYOI,江戸に「ざるそば」は存在しない。粋ではなく「生存」のために食われた一杯,"Dec 18, 2025",615,0:00:00
2025-10-28,0PicZI8GYOI,江戸に「ざるそば」は存在しない。粋ではなく「生存」のために食われた一杯,"Dec 18, 2025",615,0:00:00
2025-10-29,0PicZI8GYOI,江戸に「ざるそば」は存在しない。粋ではなく「生存」のために食われた一杯,"Dec 18, 2025",615,0:00:00
2025-10-30,0PicZI8GYOI,江戸に「ざるそば」は存在しない。粋ではなく「生存」のために食われた一杯,"Dec 18, 2025",615,0:00:00
2025-10-31,0PicZI8GYOI,江戸に「ざるそば」は存在しない。粋ではなく「生存」のために食われた一杯,"Dec 18, 2025",615,0:00:00
2025-11-01,0PicZI8GYOI,江戸に「ざるそば」は存在しない。粋ではなく「生存」のために食われた一杯,"Dec 18, 2025",615,0:00:00
2025-11-02,0PicZI8GYOI,江戸に「ざるそば」は存在しない。粋ではなく「生存」のために食われた一杯,"Dec 18, 2025",615,0:00:00
2025-11-03,0PicZI8GYOI,江戸に「ざるそば」は存在しない。粋ではなく「生存」のために食われた一杯,"Dec 18, 2025",615,0:00:00
2025-11-04,0PicZI8GYOI,江戸に「ざるそば」は存在しない。粋ではなく「生存」のために食われた一杯,"Dec 18, 2025",615,0:00:00
2025-11-05,0PicZI8GYOI,江戸に「ざるそば」は存在しない。粋ではなく「生存」のために食われた一杯,"Dec 18, 2025",615,0:00:00
2025-11-06,0PicZI8GYOI,江戸に「ざるそば」は存在しない。粋ではなく「生存」のために食われた一杯,"Dec 18, 2025",615,0:00:00
2025-11-07,0PicZI8GYOI,江戸に「ざるそば」は存在しない。粋ではなく「生存」のために食われた一杯,"Dec 18, 2025",615,0:00:00
2025-11-08,0PicZI8GYOI,江戸に「ざるそば」は存在しない。粋ではなく「生存」のために食われた一杯,"Dec 18, 2025",615,0:00:00
2025-11-09,0PicZI8GYOI,江戸に「ざるそば」は存在しない。粋ではなく「生存」のために食われた一杯,"Dec 18, 2025",615,0:00:00
2025-11-10,0PicZI8GYOI,江戸に「ざるそば」は存在しない。粋ではなく「生存」のために食われた一杯,"Dec 18, 2025",615,0:00:00
2025-11-11,0PicZI8GYOI,江戸に「ざるそば」は存在しない。粋ではなく「生存」のために食われた一杯,"Dec 18, 2025",615,0:00:00
2025-11-12,0PicZI8GYOI,江戸に「ざるそば」は存在しない。粋ではなく「生存」のために食われた一杯,"Dec 18, 2025",615,0:00:00
2025-11-13,0PicZI8GYOI,江戸に「ざるそば」は存在しない。粋ではなく「生存」のために食われた一杯,"Dec 18, 2025",615,0:00:00
2025-11-14,0PicZI8GYOI,江戸に「ざるそば」は存在しない。粋ではなく「生存」のために食われた一杯,"Dec 18, 2025",615,0:00:00
2025-11-15,0PicZI8GYOI,江戸に「ざるそば」は存在しない。粋ではなく「生存」のために食われた一杯,"Dec 18, 2025",615,0:00:00
2025-11-16,0PicZI8GYOI,江戸に「ざるそば」は存在しない。粋ではなく「生存」のために食われた一杯,"Dec 18, 2025",615,0:00:00
2025-11-17,0PicZI8GYOI,江戸に「ざるそば」は存在しない。粋ではなく「生存」のために食われた一杯,"Dec 18, 2025",615,0:00:00
2025-11-18,0PicZI8GYOI,江戸に「ざるそば」は存在しない。粋ではなく「生存」のために食われた一杯,"Dec 18, 2025",615,0:00:00
2025-11-19,0PicZI8GYOI,江戸に「ざるそば」は存在しない。粋ではなく「生存」のために食われた一杯,"Dec 18, 2025",615,0:00:00
2025-11-20,0PicZI8GYOI,江戸に「ざるそば」は存在しない。粋ではなく「生存」のために食われた一杯,"Dec 18, 2025",615,0:00:00
2025-11-21,0PicZI8GYOI,江戸に「ざるそば」は存在しない。粋ではなく「生存」のために食われた一杯,"Dec 18, 2025",615,0:00:00
2025-11-22,0PicZI8GYOI,江戸に「ざるそば」は存在しない。粋ではなく「生存」のために食われた一杯,"Dec 18, 2025",615,0:00:00
2025-11-23,0PicZI8GYOI,江戸に「ざるそば」は存在しない。粋ではなく「生存」のために食われた一杯,"Dec 18, 2025",615,0:00:00
2025-11-24,0PicZI8GYOI,江戸に「ざるそば」は存在しない。粋ではなく「生存」のために食われた一杯,"Dec 18, 2025",615,0:00:00
2025-11-25,0PicZI8GYOI,江戸に「ざるそば」は存在しない。粋ではなく「生存」のために食われた一杯,"Dec 18, 2025",615,0:00:00
2025-11-26,0PicZI8GYOI,江戸に「ざるそば」は存在しない。粋ではなく「生存」のために食われた一杯,"Dec 18, 2025",615,0:00:00
2025-11-27,0PicZI8GYOI,江戸に「ざるそば」は存在しない。粋ではなく「生存」のために食われた一杯,"Dec 18, 2025",615,0:00:00
2025-11-28,0PicZI8GYOI,江戸に「ざるそば」は存在しない。粋ではなく「生存」のために食われた一杯,"Dec 18, 2025",615,0:00:00
2025-11-29,0PicZI8GYOI,江戸に「ざるそば」は存在しない。粋ではなく「生存」のために食われた一杯,"Dec 18, 2025",615,0:00:00
2025-11-30,0PicZI8GYOI,江戸に「ざるそば」は存在しない。粋ではなく「生存」のために食われた一杯,"Dec 18, 2025",615,0:00:00
2025-12-01,0PicZI8GYOI,江戸に「ざるそば」は存在しない。粋ではなく「生存」のために食われた一杯,"Dec 18, 2025",615,0:00:00
2025-12-02,0PicZI8GYOI,江戸に「ざるそば」は存在しない。粋ではなく「生存」のために食われた一杯,"Dec 18, 2025",615,0:00:00
2025-12-03,0PicZI8GYOI,江戸に「ざるそば」は存在しない。粋ではなく「生存」のために食われた一杯,"Dec 18, 2025",615,0:00:00
2025-12-04,0PicZI8GYOI,江戸に「ざるそば」は存在しない。粋ではなく「生存」のために食われた一杯,"Dec 18, 2025",615,0:00:00
2025-12-05,0PicZI8GYOI,江戸に「ざるそば」は存在しない。粋ではなく「生存」のために食われた一杯,"Dec 18, 2025",615,0:00:00
2025-12-06,0PicZI8GYOI,江戸に「ざるそば」は存在しない。粋ではなく「生存」のために食われた一杯,"Dec 18, 2025",615,0:00:00
2025-12-07,0PicZI8GYOI,江戸に「ざるそば」は存在しない。粋ではなく「生存」のために食われた一杯,"Dec 18, 2025",615,0:00:00
2025-12-08,0PicZI8GYOI,江戸に「ざるそば」は存在しない。粋ではなく「生存」のために食われた一杯,"Dec 18, 2025",615,0:00:00
2025-12-09,0PicZI8GYOI,江戸に「ざるそば」は存在しない。粋ではなく「生存」のために食われた一杯,"Dec 18, 2025",615,0:00:00
2025-12-10,0PicZI8GYOI,江戸に「ざるそば」は存在しない。粋ではなく「生存」のために食われた一杯,"Dec 18, 2025",615,0:00:00
2025-12-11,0PicZI8GYOI,江戸に「ざるそば」は存在しない。粋ではなく「生存」のために食われた一杯,"Dec 18, 2025",615,0:00:00
2025-12-12,0PicZI8GYOI,江戸に「ざるそば」は存在しない。粋ではなく「生存」のために食われた一杯,"Dec 18, 2025",615,0:00:00
2025-12-13,0PicZI8GYOI,江戸に「ざるそば」は存在しない。粋ではなく「生存」のために食われた一杯,"Dec 18, 2025",615,0:00:00
2025-12-14,0PicZI8GYOI,江戸に「ざるそば」は存在しない。粋ではなく「生存」のために食われた一杯,"Dec 18, 2025",615,0:00:00
2025-12-15,0PicZI8GYOI,江戸に「ざるそば」は存在しない。粋ではなく「生存」のために食われた一杯,"Dec 18, 2025",615,0:00:00
2025-12-16,0PicZI8GYOI,江戸に「ざるそば」は存在しない。粋ではなく「生存」のために食われた一杯,"Dec 18, 2025",615,0:00:00
2025-12-17,0PicZI8GYOI,江戸に「ざるそば」は存在しない。粋ではなく「生存」のために食われた一杯,"Dec 18, 2025",615,0:00:00
2025-12-18,0PicZI8GYOI,江戸に「ざるそば」は存在しない。粋ではなく「生存」のために食われた一杯,"Dec 18, 2025",615,0:03:26
2025-12-19,0PicZI8GYOI,江戸に「ざるそば」は存在しない。粋ではなく「生存」のために食われた一杯,"Dec 18, 2025",615,0:03:41
2025-12-20,0PicZI8GYOI,江戸に「ざるそば」は存在しない。粋ではなく「生存」のために食われた一杯,"Dec 18, 2025",615,0:03:35
2025-12-21,0PicZI8GYOI,江戸に「ざるそば」は存在しない。粋ではなく「生存」のために食われた一杯,"Dec 18, 2025",615,0:03:26
2025-12-22,0PicZI8GYOI,江戸に「ざるそば」は存在しない。粋ではなく「生存」のために食われた一杯,"Dec 18, 2025",615,0:03:54
2025-12-23,0PicZI8GYOI,江戸に「ざるそば」は存在しない。粋ではなく「生存」のために食われた一杯,"Dec 18, 2025",615,0:03:49
2025-12-24,0PicZI8GYOI,江戸に「ざるそば」は存在しない。粋ではなく「生存」のために食われた一杯,"Dec 18, 2025",615,0:03:39
2025-12-25,0PicZI8GYOI,江戸に「ざるそば」は存在しない。粋ではなく「生存」のために食われた一杯,"Dec 18, 2025",615,0:03:31
2025-12-26,0PicZI8GYOI,江戸に「ざるそば」は存在しない。粋ではなく「生存」のために食われた一杯,"Dec 18, 2025",615,0:03:12
2025-12-27,0PicZI8GYOI,江戸に「ざるそば」は存在しない。粋ではなく「生存」のために食われた一杯,"Dec 18, 2025",615,0:03:44
2025-12-28,0PicZI8GYOI,江戸に「ざるそば」は存在しない。粋ではなく「生存」のために食われた一杯,"Dec 18, 2025",615,0:03:45
2025-12-29,0PicZI8GYOI,江戸に「ざるそば」は存在しない。粋ではなく「生存」のために食われた一杯,"Dec 18, 2025",615,0:03:31
2025-12-30,0PicZI8GYOI,江戸に「ざるそば」は存在しない。粋ではなく「生存」のために食われた一杯,"Dec 18, 2025",615,0:03:32
2025-12-31,0PicZI8GYOI,江戸に「ざるそば」は存在しない。粋ではなく「生存」のために食われた一杯,"Dec 18, 2025",615,0:03:22
2026-01-01,0PicZI8GYOI,江戸に「ざるそば」は存在しない。粋ではなく「生存」のために食われた一杯,"Dec 18, 2025",615,0:03:16
2026-01-02,0PicZI8GYOI,江戸に「ざるそば」は存在しない。粋ではなく「生存」のために食われた一杯,"Dec 18, 2025",615,0:03:06
2026-01-03,0PicZI8GYOI,江戸に「ざるそば」は存在しない。粋ではなく「生存」のために食われた一杯,"Dec 18, 2025",615,0:03:03
2026-01-04,0PicZI8GYOI,江戸に「ざるそば」は存在しない。粋ではなく「生存」のために食われた一杯,"Dec 18, 2025",615,0:03:06
2026-01-05,0PicZI8GYOI,江戸に「ざるそば」は存在しない。粋ではなく「生存」のために食われた一杯,"Dec 18, 2025",615,0:03:17
2026-01-06,0PicZI8GYOI,江戸に「ざるそば」は存在しない。粋ではなく「生存」のために食われた一杯,"Dec 18, 2025",615,0:02:50
2026-01-07,0PicZI8GYOI,江戸に「ざるそば」は存在しない。粋ではなく「生存」のために食われた一杯,"Dec 18, 2025",615,0:02:41
2026-01-08,0PicZI8GYOI,江戸に「ざるそば」は存在しない。粋ではなく「生存」のために食われた一杯,"Dec 18, 2025",615,0:03:14
2026-01-09,0PicZI8GYOI,江戸に「ざるそば」は存在しない。粋ではなく「生存」のために食われた一杯,"Dec 18, 2025",615,0:03:07
2026-01-10,0PicZI8GYOI,江戸に「ざるそば」は存在しない。粋ではなく「生存」のために食われた一杯,"Dec 18, 2025",615,0:02:43
2026-01-11,0PicZI8GYOI,江戸に「ざるそば」は存在しない。粋ではなく「生存」のために食われた一杯,"Dec 18, 2025",615,0:02:31
2026-01-12,0PicZI8GYOI,江戸に「ざるそば」は存在しない。粋ではなく「生存」のために食われた一杯,"Dec 18, 2025",615,0:03:06
2026-01-13,0PicZI8GYOI,江戸に「ざるそば」は存在しない。粋ではなく「生存」のために食われた一杯,"Dec 18, 2025",615,0:02:37
2026-01-14,0PicZI8GYOI,江戸に「ざるそば」は存在しない。粋ではなく「生存」のために食われた一杯,"Dec 18, 2025",615,0:02:28
2026-01-15,0PicZI8GYOI,江戸に「ざるそば」は存在しない。粋ではなく「生存」のために食われた一杯,"Dec 18, 2025",615,0:02:56
2026-01-16,0PicZI8GYOI,江戸に「ざるそば」は存在しない。粋ではなく「生存」のために食われた一杯,"Dec 18, 2025",615,0:02:49
2026-01-17,0PicZI8GYOI,江戸に「ざるそば」は存在しない。粋ではなく「生存」のために食われた一杯,"Dec 18, 2025",615,0:03:40
2026-01-18,0PicZI8GYOI,江戸に「ざるそば」は存在しない。粋ではなく「生存」のために食われた一杯,"Dec 18, 2025",615,0:03:35
2026-01-19,0PicZI8GYOI,江戸に「ざるそば」は存在しない。粋ではなく「生存」のために食われた一杯,"Dec 18, 2025",615,0:02:52
2026-01-20,0PicZI8GYOI,江戸に「ざるそば」は存在しない。粋ではなく「生存」のために食われた一杯,"Dec 18, 2025",615,0:03:39
2026-01-21,0PicZI8GYOI,江戸に「ざるそば」は存在しない。粋ではなく「生存」のために食われた一杯,"Dec 18, 2025",615,0:02:53
2026-01-22,0PicZI8GYOI,江戸に「ざるそば」は存在しない。粋ではなく「生存」のために食われた一杯,"Dec 18, 2025",615,0:02:26
2026-01-23,0PicZI8GYOI,江戸に「ざるそば」は存在しない。粋ではなく「生存」のために食われた一杯,"Dec 18, 2025",615,0:04:09
2026-01-24,0PicZI8GYOI,江戸に「ざるそば」は存在しない。粋ではなく「生存」のために食われた一杯,"Dec 18, 2025",615,0:02:29
2026-01-25,0PicZI8GYOI,江戸に「ざるそば」は存在しない。粋ではなく「生存」のために食われた一杯,"Dec 18, 2025",615,0:02:50
2026-01-26,0PicZI8GYOI,江戸に「ざるそば」は存在しない。粋ではなく「生存」のために食われた一杯,"Dec 18, 2025",615,0:03:33
2026-01-27,0PicZI8GYOI,江戸に「ざるそば」は存在しない。粋ではなく「生存」のために食われた一杯,"Dec 18, 2025",615,0:03:01
2026-01-28,0PicZI8GYOI,江戸に「ざるそば」は存在しない。粋ではなく「生存」のために食われた一杯,"Dec 18, 2025",615,0:02:43
2026-01-29,0PicZI8GYOI,江戸に「ざるそば」は存在しない。粋ではなく「生存」のために食われた一杯,"Dec 18, 2025",615,0:03:31
2026-01-30,0PicZI8GYOI,江戸に「ざるそば」は存在しない。粋ではなく「生存」のために食われた一杯,"Dec 18, 2025",615,0:03:39
2025-09-02,7SlVifPvJIo,"【27,800人変死】海軍カレーは「偽装工作」だった。明治陸軍を全滅に追い込んだ「白米」の正体","Jan 30, 2026",663,0:00:00
2025-09-03,7SlVifPvJIo,"【27,800人変死】海軍カレーは「偽装工作」だった。明治陸軍を全滅に追い込んだ「白米」の正体","Jan 30, 2026",663,0:00:00
2025-09-04,7SlVifPvJIo,"【27,800人変死】海軍カレーは「偽装工作」だった。明治陸軍を全滅に追い込んだ「白米」の正体","Jan 30, 2026",663,0:00:00
2025-09-05,7SlVifPvJIo,"【27,800人変死】海軍カレーは「偽装工作」だった。明治陸軍を全滅に追い込んだ「白米」の正体","Jan 30, 2026",663,0:00:00
2025-09-06,7SlVifPvJIo,"【27,800人変死】海軍カレーは「偽装工作」だった。明治陸軍を全滅に追い込んだ「白米」の正体","Jan 30, 2026",663,0:00:00
2025-09-07,7SlVifPvJIo,"【27,800人変死】海軍カレーは「偽装工作」だった。明治陸軍を全滅に追い込んだ「白米」の正体","Jan 30, 2026",663,0:00:00
2025-09-08,7SlVifPvJIo,"【27,800人変死】海軍カレーは「偽装工作」だった。明治陸軍を全滅に追い込んだ「白米」の正体","Jan 30, 2026",663,0:00:00
2025-09-09,7SlVifPvJIo,"【27,800人変死】海軍カレーは「偽装工作」だった。明治陸軍を全滅に追い込んだ「白米」の正体","Jan 30, 2026",663,0:00:00
2025-09-10,7SlVifPvJIo,"【27,800人変死】海軍カレーは「偽装工作」だった。明治陸軍を全滅に追い込んだ「白米」の正体","Jan 30, 2026",663,0:00:00
2025-09-11,7SlVifPvJIo,"【27,800人変死】海軍カレーは「偽装工作」だった。明治陸軍を全滅に追い込んだ「白米」の正体","Jan 30, 2026",663,0:00:00
2025-09-12,7SlVifPvJIo,"【27,800人変死】海軍カレーは「偽装工作」だった。明治陸軍を全滅に追い込んだ「白米」の正体","Jan 30, 2026",663,0:00:00
2025-09-13,7SlVifPvJIo,"【27,800人変死】海軍カレーは「偽装工作」だった。明治陸軍を全滅に追い込んだ「白米」の正体","Jan 30, 2026",663,0:00:00
2025-09-14,7SlVifPvJIo,"【27,800人変死】海軍カレーは「偽装工作」だった。明治陸軍を全滅に追い込んだ「白米」の正体","Jan 30, 2026",663,0:00:00
2025-09-15,7SlVifPvJIo,"【27,800人変死】海軍カレーは「偽装工作」だった。明治陸軍を全滅に追い込んだ「白米」の正体","Jan 30, 2026",663,0:00:00
2025-09-16,7SlVifPvJIo,"【27,800人変死】海軍カレーは「偽装工作」だった。明治陸軍を全滅に追い込んだ「白米」の正体","Jan 30, 2026",663,0:00:00
2025-09-17,7SlVifPvJIo,"【27,800人変死】海軍カレーは「偽装工作」だった。明治陸軍を全滅に追い込んだ「白米」の正体","Jan 30, 2026",663,0:00:00
2025-09-18,7SlVifPvJIo,"【27,800人変死】海軍カレーは「偽装工作」だった。明治陸軍を全滅に追い込んだ「白米」の正体","Jan 30, 2026",663,0:00:00
2025-09-19,7SlVifPvJIo,"【27,800人変死】海軍カレーは「偽装工作」だった。明治陸軍を全滅に追い込んだ「白米」の正体","Jan 30, 2026",663,0:00:00
2025-09-20,7SlVifPvJIo,"【27,800人変死】海軍カレーは「偽装工作」だった。明治陸軍を全滅に追い込んだ「白米」の正体","Jan 30, 2026",663,0:00:00
2025-09-21,7SlVifPvJIo,"【27,800人変死】海軍カレーは「偽装工作」だった。明治陸軍を全滅に追い込んだ「白米」の正体","Jan 30, 2026",663,0:00:00
2025-09-22,7SlVifPvJIo,"【27,800人変死】海軍カレーは「偽装工作」だった。明治陸軍を全滅に追い込んだ「白米」の正体","Jan 30, 2026",663,0:00:00
2025-09-23,7SlVifPvJIo,"【27,800人変死】海軍カレーは「偽装工作」だった。明治陸軍を全滅に追い込んだ「白米」の正体","Jan 30, 2026",663,0:00:00
2025-09-24,7SlVifPvJIo,"【27,800人変死】海軍カレーは「偽装工作」だった。明治陸軍を全滅に追い込んだ「白米」の正体","Jan 30, 2026",663,0:00:00
2025-09-25,7SlVifPvJIo,"【27,800人変死】海軍カレーは「偽装工作」だった。明治陸軍を全滅に追い込んだ「白米」の正体","Jan 30, 2026",663,0:00:00
2025-09-26,7SlVifPvJIo,"【27,800人変死】海軍カレーは「偽装工作」だった。明治陸軍を全滅に追い込んだ「白米」の正体","Jan 30, 2026",663,0:00:00
2025-09-27,7SlVifPvJIo,"【27,800人変死】海軍カレーは「偽装工作」だった。明治陸軍を全滅に追い込んだ「白米」の正体","Jan 30, 2026",663,0:00:00
2025-09-28,7SlVifPvJIo,"【27,800人変死】海軍カレーは「偽装工作」だった。明治陸軍を全滅に追い込んだ「白米」の正体","Jan 30, 2026",663,0:00:00
2025-09-29,7SlVifPvJIo,"【27,800人変死】海軍カレーは「偽装工作」だった。明治陸軍を全滅に追い込んだ「白米」の正体","Jan 30, 2026",663,0:00:00
2025-09-30,7SlVifPvJIo,"【27,800人変死】海軍カレーは「偽装工作」だった。明治陸軍を全滅に追い込んだ「白米」の正体","Jan 30, 2026",663,0:00:00
2025-10-01,7SlVifPvJIo,"【27,800人変死】海軍カレーは「偽装工作」だった。明治陸軍を全滅に追い込んだ「白米」の正体","Jan 30, 2026",663,0:00:00
2025-10-02,7SlVifPvJIo,"【27,800人変死】海軍カレーは「偽装工作」だった。明治陸軍を全滅に追い込んだ「白米」の正体","Jan 30, 2026",663,0:00:00
2025-10-03,7SlVifPvJIo,"【27,800人変死】海軍カレーは「偽装工作」だった。明治陸軍を全滅に追い込んだ「白米」の正体","Jan 30, 2026",663,0:00:00
2025-10-04,7SlVifPvJIo,"【27,800人変死】海軍カレーは「偽装工作」だった。明治陸軍を全滅に追い込んだ「白米」の正体","Jan 30, 2026",663,0:00:00
2025-10-05,7SlVifPvJIo,"【27,800人変死】海軍カレーは「偽装工作」だった。明治陸軍を全滅に追い込んだ「白米」の正体","Jan 30, 2026",663,0:00:00
2025-10-06,7SlVifPvJIo,"【27,800人変死】海軍カレーは「偽装工作」だった。明治陸軍を全滅に追い込んだ「白米」の正体","Jan 30, 2026",663,0:00:00
2025-10-07,7SlVifPvJIo,"【27,800人変死】海軍カレーは「偽装工作」だった。明治陸軍を全滅に追い込んだ「白米」の正体","Jan 30, 2026",663,0:00:00
2025-10-08,7SlVifPvJIo,"【27,800人変死】海軍カレーは「偽装工作」だった。明治陸軍を全滅に追い込んだ「白米」の正体","Jan 30, 2026",663,0:00:00
2025-10-09,7SlVifPvJIo,"【27,800人変死】海軍カレーは「偽装工作」だった。明治陸軍を全滅に追い込んだ「白米」の正体","Jan 30, 2026",663,0:00:00
2025-10-10,7SlVifPvJIo,"【27,800人変死】海軍カレーは「偽装工作」だった。明治陸軍を全滅に追い込んだ「白米」の正体","Jan 30, 2026",663,0:00:00
2025-10-11,7SlVifPvJIo,"【27,800人変死】海軍カレーは「偽装工作」だった。明治陸軍を全滅に追い込んだ「白米」の正体","Jan 30, 2026",663,0:00:00
2025-10-12,7SlVifPvJIo,"【27,800人変死】海軍カレーは「偽装工作」だった。明治陸軍を全滅に追い込んだ「白米」の正体","Jan 30, 2026",663,0:00:00
2025-10-13,7SlVifPvJIo,"【27,800人変死】海軍カレーは「偽装工作」だった。明治陸軍を全滅に追い込んだ「白米」の正体","Jan 30, 2026",663,0:00:00
2025-10-14,7SlVifPvJIo,"【27,800人変死】海軍カレーは「偽装工作」だった。明治陸軍を全滅に追い込んだ「白米」の正体","Jan 30, 2026",663,0:00:00
2025-10-15,7SlVifPvJIo,"【27,800人変死】海軍カレーは「偽装工作」だった。明治陸軍を全滅に追い込んだ「白米」の正体","Jan 30, 2026",663,0:00:00
2025-10-16,7SlVifPvJIo,"【27,800人変死】海軍カレーは「偽装工作」だった。明治陸軍を全滅に追い込んだ「白米」の正体","Jan 30, 2026",663,0:00:00
2025-10-17,7SlVifPvJIo,"【27,800人変死】海軍カレーは「偽装工作」だった。明治陸軍を全滅に追い込んだ「白米」の正体","Jan 30, 2026",663,0:00:00
2025-10-18,7SlVifPvJIo,"【27,800人変死】海軍カレーは「偽装工作」だった。明治陸軍を全滅に追い込んだ「白米」の正体","Jan 30, 2026",663,0:00:00
2025-10-19,7SlVifPvJIo,"【27,800人変死】海軍カレーは「偽装工作」だった。明治陸軍を全滅に追い込んだ「白米」の正体","Jan 30, 2026",663,0:00:00
2025-10-20,7SlVifPvJIo,"【27,800人変死】海軍カレーは「偽装工作」だった。明治陸軍を全滅に追い込んだ「白米」の正体","Jan 30, 2026",663,0:00:00
2025-10-21,7SlVifPvJIo,"【27,800人変死】海軍カレーは「偽装工作」だった。明治陸軍を全滅に追い込んだ「白米」の正体","Jan 30, 2026",663,0:00:00
2025-10-22,7SlVifPvJIo,"【27,800人変死】海軍カレーは「偽装工作」だった。明治陸軍を全滅に追い込んだ「白米」の正体","Jan 30, 2026",663,0:00:00
2025-10-23,7SlVifPvJIo,"【27,800人変死】海軍カレーは「偽装工作」だった。明治陸軍を全滅に追い込んだ「白米」の正体","Jan 30, 2026",663,0:00:00
2025-10-24,7SlVifPvJIo,"【27,800人変死】海軍カレーは「偽装工作」だった。明治陸軍を全滅に追い込んだ「白米」の正体","Jan 30, 2026",663,0:00:00
2025-10-25,7SlVifPvJIo,"【27,800人変死】海軍カレーは「偽装工作」だった。明治陸軍を全滅に追い込んだ「白米」の正体","Jan 30, 2026",663,0:00:00
2025-10-26,7SlVifPvJIo,"【27,800人変死】海軍カレーは「偽装工作」だった。明治陸軍を全滅に追い込んだ「白米」の正体","Jan 30, 2026",663,0:00:00
2025-10-27,7SlVifPvJIo,"【27,800人変死】海軍カレーは「偽装工作」だった。明治陸軍を全滅に追い込んだ「白米」の正体","Jan 30, 2026",663,0:00:00
2025-10-28,7SlVifPvJIo,"【27,800人変死】海軍カレーは「偽装工作」だった。明治陸軍を全滅に追い込んだ「白米」の正体","Jan 30, 2026",663,0:00:00
2025-10-29,7SlVifPvJIo,"【27,800人変死】海軍カレーは「偽装工作」だった。明治陸軍を全滅に追い込んだ「白米」の正体","Jan 30, 2026",663,0:00:00
2025-10-30,7SlVifPvJIo,"【27,800人変死】海軍カレーは「偽装工作」だった。明治陸軍を全滅に追い込んだ「白米」の正体","Jan 30, 2026",663,0:00:00
2025-10-31,7SlVifPvJIo,"【27,800人変死】海軍カレーは「偽装工作」だった。明治陸軍を全滅に追い込んだ「白米」の正体","Jan 30, 2026",663,0:00:00
2025-11-01,7SlVifPvJIo,"【27,800人変死】海軍カレーは「偽装工作」だった。明治陸軍を全滅に追い込んだ「白米」の正体","Jan 30, 2026",663,0:00:00
2025-11-02,7SlVifPvJIo,"【27,800人変死】海軍カレーは「偽装工作」だった。明治陸軍を全滅に追い込んだ「白米」の正体","Jan 30, 2026",663,0:00:00
2025-11-03,7SlVifPvJIo,"【27,800人変死】海軍カレーは「偽装工作」だった。明治陸軍を全滅に追い込んだ「白米」の正体","Jan 30, 2026",663,0:00:00
2025-11-04,7SlVifPvJIo,"【27,800人変死】海軍カレーは「偽装工作」だった。明治陸軍を全滅に追い込んだ「白米」の正体","Jan 30, 2026",663,0:00:00
2025-11-05,7SlVifPvJIo,"【27,800人変死】海軍カレーは「偽装工作」だった。明治陸軍を全滅に追い込んだ「白米」の正体","Jan 30, 2026",663,0:00:00
2025-11-06,7SlVifPvJIo,"【27,800人変死】海軍カレーは「偽装工作」だった。明治陸軍を全滅に追い込んだ「白米」の正体","Jan 30, 2026",663,0:00:00
2025-11-07,7SlVifPvJIo,"【27,800人変死】海軍カレーは「偽装工作」だった。明治陸軍を全滅に追い込んだ「白米」の正体","Jan 30, 2026",663,0:00:00
2025-11-08,7SlVifPvJIo,"【27,800人変死】海軍カレーは「偽装工作」だった。明治陸軍を全滅に追い込んだ「白米」の正体","Jan 30, 2026",663,0:00:00
2025-11-09,7SlVifPvJIo,"【27,800人変死】海軍カレーは「偽装工作」だった。明治陸軍を全滅に追い込んだ「白米」の正体","Jan 30, 2026",663,0:00:00
2025-11-10,7SlVifPvJIo,"【27,800人変死】海軍カレーは「偽装工作」だった。明治陸軍を全滅に追い込んだ「白米」の正体","Jan 30, 2026",663,0:00:00
2025-11-11,7SlVifPvJIo,"【27,800人変死】海軍カレーは「偽装工作」だった。明治陸軍を全滅に追い込んだ「白米」の正体","Jan 30, 2026",663,0:00:00
2025-11-12,7SlVifPvJIo,"【27,800人変死】海軍カレーは「偽装工作」だった。明治陸軍を全滅に追い込んだ「白米」の正体","Jan 30, 2026",663,0:00:00
2025-11-13,7SlVifPvJIo,"【27,800人変死】海軍カレーは「偽装工作」だった。明治陸軍を全滅に追い込んだ「白米」の正体","Jan 30, 2026",663,0:00:00
2025-11-14,7SlVifPvJIo,"【27,800人変死】海軍カレーは「偽装工作」だった。明治陸軍を全滅に追い込んだ「白米」の正体","Jan 30, 2026",663,0:00:00
2025-11-15,7SlVifPvJIo,"【27,800人変死】海軍カレーは「偽装工作」だった。明治陸軍を全滅に追い込んだ「白米」の正体","Jan 30, 2026",663,0:00:00
2025-11-16,7SlVifPvJIo,"【27,800人変死】海軍カレーは「偽装工作」だった。明治陸軍を全滅に追い込んだ「白米」の正体","Jan 30, 2026",663,0:00:00
2025-11-17,7SlVifPvJIo,"【27,800人変死】海軍カレーは「偽装工作」だった。明治陸軍を全滅に追い込んだ「白米」の正体","Jan 30, 2026",663,0:00:00
2025-11-18,7SlVifPvJIo,"【27,800人変死】海軍カレーは「偽装工作」だった。明治陸軍を全滅に追い込んだ「白米」の正体","Jan 30, 2026",663,0:00:00
2025-11-19,7SlVifPvJIo,"【27,800人変死】海軍カレーは「偽装工作」だった。明治陸軍を全滅に追い込んだ「白米」の正体","Jan 30, 2026",663,0:00:00
2025-11-20,7SlVifPvJIo,"【27,800人変死】海軍カレーは「偽装工作」だった。明治陸軍を全滅に追い込んだ「白米」の正体","Jan 30, 2026",663,0:00:00
2025-11-21,7SlVifPvJIo,"【27,800人変死】海軍カレーは「偽装工作」だった。明治陸軍を全滅に追い込んだ「白米」の正体","Jan 30, 2026",663,0:00:00
2025-11-22,7SlVifPvJIo,"【27,800人変死】海軍カレーは「偽装工作」だった。明治陸軍を全滅に追い込んだ「白米」の正体","Jan 30, 2026",663,0:00:00
2025-11-23,7SlVifPvJIo,"【27,800人変死】海軍カレーは「偽装工作」だった。明治陸軍を全滅に追い込んだ「白米」の正体","Jan 30, 2026",663,0:00:00
2025-11-24,7SlVifPvJIo,"【27,800人変死】海軍カレーは「偽装工作」だった。明治陸軍を全滅に追い込んだ「白米」の正体","Jan 30, 2026",663,0:00:00
2025-11-25,7SlVifPvJIo,"【27,800人変死】海軍カレーは「偽装工作」だった。明治陸軍を全滅に追い込んだ「白米」の正体","Jan 30, 2026",663,0:00:00
2025-11-26,7SlVifPvJIo,"【27,800人変死】海軍カレーは「偽装工作」だった。明治陸軍を全滅に追い込んだ「白米」の正体","Jan 30, 2026",663,0:00:00
2025-11-27,7SlVifPvJIo,"【27,800人変死】海軍カレーは「偽装工作」だった。明治陸軍を全滅に追い込んだ「白米」の正体","Jan 30, 2026",663,0:00:00
2025-11-28,7SlVifPvJIo,"【27,800人変死】海軍カレーは「偽装工作」だった。明治陸軍を全滅に追い込んだ「白米」の正体","Jan 30, 2026",663,0:00:00
2025-11-29,7SlVifPvJIo,"【27,800人変死】海軍カレーは「偽装工作」だった。明治陸軍を全滅に追い込んだ「白米」の正体","Jan 30, 2026",663,0:00:00
2025-11-30,7SlVifPvJIo,"【27,800人変死】海軍カレーは「偽装工作」だった。明治陸軍を全滅に追い込んだ「白米」の正体","Jan 30, 2026",663,0:00:00
2025-12-01,7SlVifPvJIo,"【27,800人変死】海軍カレーは「偽装工作」だった。明治陸軍を全滅に追い込んだ「白米」の正体","Jan 30, 2026",663,0:00:00
2025-12-02,7SlVifPvJIo,"【27,800人変死】海軍カレーは「偽装工作」だった。明治陸軍を全滅に追い込んだ「白米」の正体","Jan 30, 2026",663,0:00:00
2025-12-03,7SlVifPvJIo,"【27,800人変死】海軍カレーは「偽装工作」だった。明治陸軍を全滅に追い込んだ「白米」の正体","Jan 30, 2026",663,0:00:00
2025-12-04,7SlVifPvJIo,"【27,800人変死】海軍カレーは「偽装工作」だった。明治陸軍を全滅に追い込んだ「白米」の正体","Jan 30, 2026",663,0:00:00
2025-12-05,7SlVifPvJIo,"【27,800人変死】海軍カレーは「偽装工作」だった。明治陸軍を全滅に追い込んだ「白米」の正体","Jan 30, 2026",663,0:00:00
2025-12-06,7SlVifPvJIo,"【27,800人変死】海軍カレーは「偽装工作」だった。明治陸軍を全滅に追い込んだ「白米」の正体","Jan 30, 2026",663,0:00:00
2025-12-07,7SlVifPvJIo,"【27,800人変死】海軍カレーは「偽装工作」だった。明治陸軍を全滅に追い込んだ「白米」の正体","Jan 30, 2026",663,0:00:00
2025-12-08,7SlVifPvJIo,"【27,800人変死】海軍カレーは「偽装工作」だった。明治陸軍を全滅に追い込んだ「白米」の正体","Jan 30, 2026",663,0:00:00
2025-12-09,7SlVifPvJIo,"【27,800人変死】海軍カレーは「偽装工作」だった。明治陸軍を全滅に追い込んだ「白米」の正体","Jan 30, 2026",663,0:00:00
2025-12-10,7SlVifPvJIo,"【27,800人変死】海軍カレーは「偽装工作」だった。明治陸軍を全滅に追い込んだ「白米」の正体","Jan 30, 2026",663,0:00:00
2025-12-11,7SlVifPvJIo,"【27,800人変死】海軍カレーは「偽装工作」だった。明治陸軍を全滅に追い込んだ「白米」の正体","Jan 30, 2026",663,0:00:00
2025-12-12,7SlVifPvJIo,"【27,800人変死】海軍カレーは「偽装工作」だった。明治陸軍を全滅に追い込んだ「白米」の正体","Jan 30, 2026",663,0:00:00
2025-12-13,7SlVifPvJIo,"【27,800人変死】海軍カレーは「偽装工作」だった。明治陸軍を全滅に追い込んだ「白米」の正体","Jan 30, 2026",663,0:00:00
2025-12-14,7SlVifPvJIo,"【27,800人変死】海軍カレーは「偽装工作」だった。明治陸軍を全滅に追い込んだ「白米」の正体","Jan 30, 2026",663,0:00:00
2025-12-15,7SlVifPvJIo,"【27,800人変死】海軍カレーは「偽装工作」だった。明治陸軍を全滅に追い込んだ「白米」の正体","Jan 30, 2026",663,0:00:00
2025-12-16,7SlVifPvJIo,"【27,800人変死】海軍カレーは「偽装工作」だった。明治陸軍を全滅に追い込んだ「白米」の正体","Jan 30, 2026",663,0:00:00
2025-12-17,7SlVifPvJIo,"【27,800人変死】海軍カレーは「偽装工作」だった。明治陸軍を全滅に追い込んだ「白米」の正体","Jan 30, 2026",663,0:00:00
2025-12-18,7SlVifPvJIo,"【27,800人変死】海軍カレーは「偽装工作」だった。明治陸軍を全滅に追い込んだ「白米」の正体","Jan 30, 2026",663,0:00:00
2025-12-19,7SlVifPvJIo,"【27,800人変死】海軍カレーは「偽装工作」だった。明治陸軍を全滅に追い込んだ「白米」の正体","Jan 30, 2026",663,0:00:00
2025-12-20,7SlVifPvJIo,"【27,800人変死】海軍カレーは「偽装工作」だった。明治陸軍を全滅に追い込んだ「白米」の正体","Jan 30, 2026",663,0:00:00
2025-12-21,7SlVifPvJIo,"【27,800人変死】海軍カレーは「偽装工作」だった。明治陸軍を全滅に追い込んだ「白米」の正体","Jan 30, 2026",663,0:00:00
2025-12-22,7SlVifPvJIo,"【27,800人変死】海軍カレーは「偽装工作」だった。明治陸軍を全滅に追い込んだ「白米」の正体","Jan 30, 2026",663,0:00:00
2025-12-23,7SlVifPvJIo,"【27,800人変死】海軍カレーは「偽装工作」だった。明治陸軍を全滅に追い込んだ「白米」の正体","Jan 30, 2026",663,0:00:00
2025-12-24,7SlVifPvJIo,"【27,800人変死】海軍カレーは「偽装工作」だった。明治陸軍を全滅に追い込んだ「白米」の正体","Jan 30, 2026",663,0:00:00
2025-12-25,7SlVifPvJIo,"【27,800人変死】海軍カレーは「偽装工作」だった。明治陸軍を全滅に追い込んだ「白米」の正体","Jan 30, 2026",663,0:00:00
2025-12-26,7SlVifPvJIo,"【27,800人変死】海軍カレーは「偽装工作」だった。明治陸軍を全滅に追い込んだ「白米」の正体","Jan 30, 2026",663,0:00:00
2025-12-27,7SlVifPvJIo,"【27,800人変死】海軍カレーは「偽装工作」だった。明治陸軍を全滅に追い込んだ「白米」の正体","Jan 30, 2026",663,0:00:00
2025-12-28,7SlVifPvJIo,"【27,800人変死】海軍カレーは「偽装工作」だった。明治陸軍を全滅に追い込んだ「白米」の正体","Jan 30, 2026",663,0:00:00
2025-12-29,7SlVifPvJIo,"【27,800人変死】海軍カレーは「偽装工作」だった。明治陸軍を全滅に追い込んだ「白米」の正体","Jan 30, 2026",663,0:00:00
2025-12-30,7SlVifPvJIo,"【27,800人変死】海軍カレーは「偽装工作」だった。明治陸軍を全滅に追い込んだ「白米」の正体","Jan 30, 2026",663,0:00:00
2025-12-31,7SlVifPvJIo,"【27,800人変死】海軍カレーは「偽装工作」だった。明治陸軍を全滅に追い込んだ「白米」の正体","Jan 30, 2026",663,0:00:00
2026-01-01,7SlVifPvJIo,"【27,800人変死】海軍カレーは「偽装工作」だった。明治陸軍を全滅に追い込んだ「白米」の正体","Jan 30, 2026",663,0:00:00
2026-01-02,7SlVifPvJIo,"【27,800人変死】海軍カレーは「偽装工作」だった。明治陸軍を全滅に追い込んだ「白米」の正体","Jan 30, 2026",663,0:00:00
2026-01-03,7SlVifPvJIo,"【27,800人変死】海軍カレーは「偽装工作」だった。明治陸軍を全滅に追い込んだ「白米」の正体","Jan 30, 2026",663,0:00:00
2026-01-04,7SlVifPvJIo,"【27,800人変死】海軍カレーは「偽装工作」だった。明治陸軍を全滅に追い込んだ「白米」の正体","Jan 30, 2026",663,0:00:00
2026-01-05,7SlVifPvJIo,"【27,800人変死】海軍カレーは「偽装工作」だった。明治陸軍を全滅に追い込んだ「白米」の正体","Jan 30, 2026",663,0:00:00
2026-01-06,7SlVifPvJIo,"【27,800人変死】海軍カレーは「偽装工作」だった。明治陸軍を全滅に追い込んだ「白米」の正体","Jan 30, 2026",663,0:00:00
2026-01-07,7SlVifPvJIo,"【27,800人変死】海軍カレーは「偽装工作」だった。明治陸軍を全滅に追い込んだ「白米」の正体","Jan 30, 2026",663,0:00:00
2026-01-08,7SlVifPvJIo,"【27,800人変死】海軍カレーは「偽装工作」だった。明治陸軍を全滅に追い込んだ「白米」の正体","Jan 30, 2026",663,0:00:00
2026-01-09,7SlVifPvJIo,"【27,800人変死】海軍カレーは「偽装工作」だった。明治陸軍を全滅に追い込んだ「白米」の正体","Jan 30, 2026",663,0:00:00
2026-01-10,7SlVifPvJIo,"【27,800人変死】海軍カレーは「偽装工作」だった。明治陸軍を全滅に追い込んだ「白米」の正体","Jan 30, 2026",663,0:00:00
2026-01-11,7SlVifPvJIo,"【27,800人変死】海軍カレーは「偽装工作」だった。明治陸軍を全滅に追い込んだ「白米」の正体","Jan 30, 2026",663,0:00:00
2026-01-12,7SlVifPvJIo,"【27,800人変死】海軍カレーは「偽装工作」だった。明治陸軍を全滅に追い込んだ「白米」の正体","Jan 30, 2026",663,0:00:00
2026-01-13,7SlVifPvJIo,"【27,800人変死】海軍カレーは「偽装工作」だった。明治陸軍を全滅に追い込んだ「白米」の正体","Jan 30, 2026",663,0:00:00
2026-01-14,7SlVifPvJIo,"【27,800人変死】海軍カレーは「偽装工作」だった。明治陸軍を全滅に追い込んだ「白米」の正体","Jan 30, 2026",663,0:00:00
2026-01-15,7SlVifPvJIo,"【27,800人変死】海軍カレーは「偽装工作」だった。明治陸軍を全滅に追い込んだ「白米」の正体","Jan 30, 2026",663,0:00:00
2026-01-16,7SlVifPvJIo,"【27,800人変死】海軍カレーは「偽装工作」だった。明治陸軍を全滅に追い込んだ「白米」の正体","Jan 30, 2026",663,0:00:00
2026-01-17,7SlVifPvJIo,"【27,800人変死】海軍カレーは「偽装工作」だった。明治陸軍を全滅に追い込んだ「白米」の正体","Jan 30, 2026",663,0:00:00
2026-01-18,7SlVifPvJIo,"【27,800人変死】海軍カレーは「偽装工作」だった。明治陸軍を全滅に追い込んだ「白米」の正体","Jan 30, 2026",663,0:00:00
2026-01-19,7SlVifPvJIo,"【27,800人変死】海軍カレーは「偽装工作」だった。明治陸軍を全滅に追い込んだ「白米」の正体","Jan 30, 2026",663,0:00:00
2026-01-20,7SlVifPvJIo,"【27,800人変死】海軍カレーは「偽装工作」だった。明治陸軍を全滅に追い込んだ「白米」の正体","Jan 30, 2026",663,0:00:00
2026-01-21,7SlVifPvJIo,"【27,800人変死】海軍カレーは「偽装工作」だった。明治陸軍を全滅に追い込んだ「白米」の正体","Jan 30, 2026",663,0:00:00
2026-01-22,7SlVifPvJIo,"【27,800人変死】海軍カレーは「偽装工作」だった。明治陸軍を全滅に追い込んだ「白米」の正体","Jan 30, 2026",663,0:00:00
2026-01-23,7SlVifPvJIo,"【27,800人変死】海軍カレーは「偽装工作」だった。明治陸軍を全滅に追い込んだ「白米」の正体","Jan 30, 2026",663,0:00:00
2026-01-24,7SlVifPvJIo,"【27,800人変死】海軍カレーは「偽装工作」だった。明治陸軍を全滅に追い込んだ「白米」の正体","Jan 30, 2026",663,0:00:00
2026-01-25,7SlVifPvJIo,"【27,800人変死】海軍カレーは「偽装工作」だった。明治陸軍を全滅に追い込んだ「白米」の正体","Jan 30, 2026",663,0:00:00
2026-01-26,7SlVifPvJIo,"【27,800人変死】海軍カレーは「偽装工作」だった。明治陸軍を全滅に追い込んだ「白米」の正体","Jan 30, 2026",663,0:00:00
2026-01-27,7SlVifPvJIo,"【27,800人変死】海軍カレーは「偽装工作」だった。明治陸軍を全滅に追い込んだ「白米」の正体","Jan 30, 2026",663,0:00:00
2026-01-28,7SlVifPvJIo,"【27,800人変死】海軍カレーは「偽装工作」だった。明治陸軍を全滅に追い込んだ「白米」の正体","Jan 30, 2026",663,0:00:00
2026-01-29,7SlVifPvJIo,"【27,800人変死】海軍カレーは「偽装工作」だった。明治陸軍を全滅に追い込んだ「白米」の正体","Jan 30, 2026",663,0:00:00
2026-01-30,7SlVifPvJIo,"【27,800人変死】海軍カレーは「偽装工作」だった。明治陸軍を全滅に追い込んだ「白米」の正体","Jan 30, 2026",663,0:03:30
2025-09-02,ArNVaLjWHV4,【江戸の女行商人】米を焼いて生きた母たちの歴史,"Nov 27, 2025",796,0:00:00
2025-09-03,ArNVaLjWHV4,【江戸の女行商人】米を焼いて生きた母たちの歴史,"Nov 27, 2025",796,0:00:00
2025-09-04,ArNVaLjWHV4,【江戸の女行商人】米を焼いて生きた母たちの歴史,"Nov 27, 2025",796,0:00:00
2025-09-05,ArNVaLjWHV4,【江戸の女行商人】米を焼いて生きた母たちの歴史,"Nov 27, 2025",796,0:00:00
2025-09-06,ArNVaLjWHV4,【江戸の女行商人】米を焼いて生きた母たちの歴史,"Nov 27, 2025",796,0:00:00
2025-09-07,ArNVaLjWHV4,【江戸の女行商人】米を焼いて生きた母たちの歴史,"Nov 27, 2025",796,0:00:00
2025-09-08,ArNVaLjWHV4,【江戸の女行商人】米を焼いて生きた母たちの歴史,"Nov 27, 2025",796,0:00:00
2025-09-09,ArNVaLjWHV4,【江戸の女行商人】米を焼いて生きた母たちの歴史,"Nov 27, 2025",796,0:00:00
2025-09-10,ArNVaLjWHV4,【江戸の女行商人】米を焼いて生きた母たちの歴史,"Nov 27, 2025",796,0:00:00
2025-09-11,ArNVaLjWHV4,【江戸の女行商人】米を焼いて生きた母たちの歴史,"Nov 27, 2025",796,0:00:00
2025-09-12,ArNVaLjWHV4,【江戸の女行商人】米を焼いて生きた母たちの歴史,"Nov 27, 2025",796,0:00:00
2025-09-13,ArNVaLjWHV4,【江戸の女行商人】米を焼いて生きた母たちの歴史,"Nov 27, 2025",796,0:00:00
2025-09-14,ArNVaLjWHV4,【江戸の女行商人】米を焼いて生きた母たちの歴史,"Nov 27, 2025",796,0:00:00
2025-09-15,ArNVaLjWHV4,【江戸の女行商人】米を焼いて生きた母たちの歴史,"Nov 27, 2025",796,0:00:00
2025-09-16,ArNVaLjWHV4,【江戸の女行商人】米を焼いて生きた母たちの歴史,"Nov 27, 2025",796,0:00:00
2025-09-17,ArNVaLjWHV4,【江戸の女行商人】米を焼いて生きた母たちの歴史,"Nov 27, 2025",796,0:00:00
2025-09-18,ArNVaLjWHV4,【江戸の女行商人】米を焼いて生きた母たちの歴史,"Nov 27, 2025",796,0:00:00
2025-09-19,ArNVaLjWHV4,【江戸の女行商人】米を焼いて生きた母たちの歴史,"Nov 27, 2025",796,0:00:00
2025-09-20,ArNVaLjWHV4,【江戸の女行商人】米を焼いて生きた母たちの歴史,"Nov 27, 2025",796,0:00:00
2025-09-21,ArNVaLjWHV4,【江戸の女行商人】米を焼いて生きた母たちの歴史,"Nov 27, 2025",796,0:00:00
2025-09-22,ArNVaLjWHV4,【江戸の女行商人】米を焼いて生きた母たちの歴史,"Nov 27, 2025",796,0:00:00
2025-09-23,ArNVaLjWHV4,【江戸の女行商人】米を焼いて生きた母たちの歴史,"Nov 27, 2025",796,0:00:00
2025-09-24,ArNVaLjWHV4,【江戸の女行商人】米を焼いて生きた母たちの歴史,"Nov 27, 2025",796,0:00:00
2025-09-25,ArNVaLjWHV4,【江戸の女行商人】米を焼いて生きた母たちの歴史,"Nov 27, 2025",796,0:00:00
2025-09-26,ArNVaLjWHV4,【江戸の女行商人】米を焼いて生きた母たちの歴史,"Nov 27, 2025",796,0:00:00
2025-09-27,ArNVaLjWHV4,【江戸の女行商人】米を焼いて生きた母たちの歴史,"Nov 27, 2025",796,0:00:00
2025-09-28,ArNVaLjWHV4,【江戸の女行商人】米を焼いて生きた母たちの歴史,"Nov 27, 2025",796,0:00:00
2025-09-29,ArNVaLjWHV4,【江戸の女行商人】米を焼いて生きた母たちの歴史,"Nov 27, 2025",796,0:00:00
2025-09-30,ArNVaLjWHV4,【江戸の女行商人】米を焼いて生きた母たちの歴史,"Nov 27, 2025",796,0:00:00
2025-10-01,ArNVaLjWHV4,【江戸の女行商人】米を焼いて生きた母たちの歴史,"Nov 27, 2025",796,0:00:00
2025-10-02,ArNVaLjWHV4,【江戸の女行商人】米を焼いて生きた母たちの歴史,"Nov 27, 2025",796,0:00:00
2025-10-03,ArNVaLjWHV4,【江戸の女行商人】米を焼いて生きた母たちの歴史,"Nov 27, 2025",796,0:00:00
2025-10-04,ArNVaLjWHV4,【江戸の女行商人】米を焼いて生きた母たちの歴史,"Nov 27, 2025",796,0:00:00
2025-10-05,ArNVaLjWHV4,【江戸の女行商人】米を焼いて生きた母たちの歴史,"Nov 27, 2025",796,0:00:00
2025-10-06,ArNVaLjWHV4,【江戸の女行商人】米を焼いて生きた母たちの歴史,"Nov 27, 2025",796,0:00:00
2025-10-07,ArNVaLjWHV4,【江戸の女行商人】米を焼いて生きた母たちの歴史,"Nov 27, 2025",796,0:00:00
2025-10-08,ArNVaLjWHV4,【江戸の女行商人】米を焼いて生きた母たちの歴史,"Nov 27, 2025",796,0:00:00
2025-10-09,ArNVaLjWHV4,【江戸の女行商人】米を焼いて生きた母たちの歴史,"Nov 27, 2025",796,0:00:00
2025-10-10,ArNVaLjWHV4,【江戸の女行商人】米を焼いて生きた母たちの歴史,"Nov 27, 2025",796,0:00:00
2025-10-11,ArNVaLjWHV4,【江戸の女行商人】米を焼いて生きた母たちの歴史,"Nov 27, 2025",796,0:00:00
2025-10-12,ArNVaLjWHV4,【江戸の女行商人】米を焼いて生きた母たちの歴史,"Nov 27, 2025",796,0:00:00
2025-10-13,ArNVaLjWHV4,【江戸の女行商人】米を焼いて生きた母たちの歴史,"Nov 27, 2025",796,0:00:00
2025-10-14,ArNVaLjWHV4,【江戸の女行商人】米を焼いて生きた母たちの歴史,"Nov 27, 2025",796,0:00:00
2025-10-15,ArNVaLjWHV4,【江戸の女行商人】米を焼いて生きた母たちの歴史,"Nov 27, 2025",796,0:00:00
2025-10-16,ArNVaLjWHV4,【江戸の女行商人】米を焼いて生きた母たちの歴史,"Nov 27, 2025",796,0:00:00
2025-10-17,ArNVaLjWHV4,【江戸の女行商人】米を焼いて生きた母たちの歴史,"Nov 27, 2025",796,0:00:00
2025-10-18,ArNVaLjWHV4,【江戸の女行商人】米を焼いて生きた母たちの歴史,"Nov 27, 2025",796,0:00:00
2025-10-19,ArNVaLjWHV4,【江戸の女行商人】米を焼いて生きた母たちの歴史,"Nov 27, 2025",796,0:00:00
2025-10-20,ArNVaLjWHV4,【江戸の女行商人】米を焼いて生きた母たちの歴史,"Nov 27, 2025",796,0:00:00
2025-10-21,ArNVaLjWHV4,【江戸の女行商人】米を焼いて生きた母たちの歴史,"Nov 27, 2025",796,0:00:00
2025-10-22,ArNVaLjWHV4,【江戸の女行商人】米を焼いて生きた母たちの歴史,"Nov 27, 2025",796,0:00:00
2025-10-23,ArNVaLjWHV4,【江戸の女行商人】米を焼いて生きた母たちの歴史,"Nov 27, 2025",796,0:00:00
2025-10-24,ArNVaLjWHV4,【江戸の女行商人】米を焼いて生きた母たちの歴史,"Nov 27, 2025",796,0:00:00
2025-10-25,ArNVaLjWHV4,【江戸の女行商人】米を焼いて生きた母たちの歴史,"Nov 27, 2025",796,0:00:00
2025-10-26,ArNVaLjWHV4,【江戸の女行商人】米を焼いて生きた母たちの歴史,"Nov 27, 2025",796,0:00:00
2025-10-27,ArNVaLjWHV4,【江戸の女行商人】米を焼いて生きた母たちの歴史,"Nov 27, 2025",796,0:00:00
2025-10-28,ArNVaLjWHV4,【江戸の女行商人】米を焼いて生きた母たちの歴史,"Nov 27, 2025",796,0:00:00
2025-10-29,ArNVaLjWHV4,【江戸の女行商人】米を焼いて生きた母たちの歴史,"Nov 27, 2025",796,0:00:00
2025-10-30,ArNVaLjWHV4,【江戸の女行商人】米を焼いて生きた母たちの歴史,"Nov 27, 2025",796,0:00:00
2025-10-31,ArNVaLjWHV4,【江戸の女行商人】米を焼いて生きた母たちの歴史,"Nov 27, 2025",796,0:00:00
2025-11-01,ArNVaLjWHV4,【江戸の女行商人】米を焼いて生きた母たちの歴史,"Nov 27, 2025",796,0:00:00
2025-11-02,ArNVaLjWHV4,【江戸の女行商人】米を焼いて生きた母たちの歴史,"Nov 27, 2025",796,0:00:00
2025-11-03,ArNVaLjWHV4,【江戸の女行商人】米を焼いて生きた母たちの歴史,"Nov 27, 2025",796,0:00:00
2025-11-04,ArNVaLjWHV4,【江戸の女行商人】米を焼いて生きた母たちの歴史,"Nov 27, 2025",796,0:00:00
2025-11-05,ArNVaLjWHV4,【江戸の女行商人】米を焼いて生きた母たちの歴史,"Nov 27, 2025",796,0:00:00
2025-11-06,ArNVaLjWHV4,【江戸の女行商人】米を焼いて生きた母たちの歴史,"Nov 27, 2025",796,0:00:00
2025-11-07,ArNVaLjWHV4,【江戸の女行商人】米を焼いて生きた母たちの歴史,"Nov 27, 2025",796,0:00:00
2025-11-08,ArNVaLjWHV4,【江戸の女行商人】米を焼いて生きた母たちの歴史,"Nov 27, 2025",796,0:00:00
2025-11-09,ArNVaLjWHV4,【江戸の女行商人】米を焼いて生きた母たちの歴史,"Nov 27, 2025",796,0:00:00
2025-11-10,ArNVaLjWHV4,【江戸の女行商人】米を焼いて生きた母たちの歴史,"Nov 27, 2025",796,0:00:00
2025-11-11,ArNVaLjWHV4,【江戸の女行商人】米を焼いて生きた母たちの歴史,"Nov 27, 2025",796,0:00:00
2025-11-12,ArNVaLjWHV4,【江戸の女行商人】米を焼いて生きた母たちの歴史,"Nov 27, 2025",796,0:00:00
2025-11-13,ArNVaLjWHV4,【江戸の女行商人】米を焼いて生きた母たちの歴史,"Nov 27, 2025",796,0:00:00
2025-11-14,ArNVaLjWHV4,【江戸の女行商人】米を焼いて生きた母たちの歴史,"Nov 27, 2025",796,0:00:00
2025-11-15,ArNVaLjWHV4,【江戸の女行商人】米を焼いて生きた母たちの歴史,"Nov 27, 2025",796,0:00:00
2025-11-16,ArNVaLjWHV4,【江戸の女行商人】米を焼いて生きた母たちの歴史,"Nov 27, 2025",796,0:00:00
2025-11-17,ArNVaLjWHV4,【江戸の女行商人】米を焼いて生きた母たちの歴史,"Nov 27, 2025",796,0:00:00
2025-11-18,ArNVaLjWHV4,【江戸の女行商人】米を焼いて生きた母たちの歴史,"Nov 27, 2025",796,0:00:00
2025-11-19,ArNVaLjWHV4,【江戸の女行商人】米を焼いて生きた母たちの歴史,"Nov 27, 2025",796,0:00:00
2025-11-20,ArNVaLjWHV4,【江戸の女行商人】米を焼いて生きた母たちの歴史,"Nov 27, 2025",796,0:00:00
2025-11-21,ArNVaLjWHV4,【江戸の女行商人】米を焼いて生きた母たちの歴史,"Nov 27, 2025",796,0:00:00
2025-11-22,ArNVaLjWHV4,【江戸の女行商人】米を焼いて生きた母たちの歴史,"Nov 27, 2025",796,0:00:00
2025-11-23,ArNVaLjWHV4,【江戸の女行商人】米を焼いて生きた母たちの歴史,"Nov 27, 2025",796,0:00:00
2025-11-24,ArNVaLjWHV4,【江戸の女行商人】米を焼いて生きた母たちの歴史,"Nov 27, 2025",796,0:00:00
2025-11-25,ArNVaLjWHV4,【江戸の女行商人】米を焼いて生きた母たちの歴史,"Nov 27, 2025",796,0:00:00
2025-11-26,ArNVaLjWHV4,【江戸の女行商人】米を焼いて生きた母たちの歴史,"Nov 27, 2025",796,0:00:00
2025-11-27,ArNVaLjWHV4,【江戸の女行商人】米を焼いて生きた母たちの歴史,"Nov 27, 2025",796,0:13:15
2025-11-28,ArNVaLjWHV4,【江戸の女行商人】米を焼いて生きた母たちの歴史,"Nov 27, 2025",796,0:05:21
2025-11-29,ArNVaLjWHV4,【江戸の女行商人】米を焼いて生きた母たちの歴史,"Nov 27, 2025",796,0:00:51
2025-11-30,ArNVaLjWHV4,【江戸の女行商人】米を焼いて生きた母たちの歴史,"Nov 27, 2025",796,0:00:00
2025-12-01,ArNVaLjWHV4,【江戸の女行商人】米を焼いて生きた母たちの歴史,"Nov 27, 2025",796,0:00:00
2025-12-02,ArNVaLjWHV4,【江戸の女行商人】米を焼いて生きた母たちの歴史,"Nov 27, 2025",796,0:00:00
2025-12-03,ArNVaLjWHV4,【江戸の女行商人】米を焼いて生きた母たちの歴史,"Nov 27, 2025",796,0:00:08
2025-12-04,ArNVaLjWHV4,【江戸の女行商人】米を焼いて生きた母たちの歴史,"Nov 27, 2025",796,0:00:31
2025-12-05,ArNVaLjWHV4,【江戸の女行商人】米を焼いて生きた母たちの歴史,"Nov 27, 2025",796,0:00:25
2025-12-06,ArNVaLjWHV4,【江戸の女行商人】米を焼いて生きた母たちの歴史,"Nov 27, 2025",796,
2025-12-07,ArNVaLjWHV4,【江戸の女行商人】米を焼いて生きた母たちの歴史,"Nov 27, 2025",796,0:00:57
2025-12-08,ArNVaLjWHV4,【江戸の女行商人】米を焼いて生きた母たちの歴史,"Nov 27, 2025",796,0:00:00
2025-12-09,ArNVaLjWHV4,【江戸の女行商人】米を焼いて生きた母たちの歴史,"Nov 27, 2025",796,0:05:41
2025-12-10,ArNVaLjWHV4,【江戸の女行商人】米を焼いて生きた母たちの歴史,"Nov 27, 2025",796,0:00:00
2025-12-11,ArNVaLjWHV4,【江戸の女行商人】米を焼いて生きた母たちの歴史,"Nov 27, 2025",796,0:05:27
2025-12-12,ArNVaLjWHV4,【江戸の女行商人】米を焼いて生きた母たちの歴史,"Nov 27, 2025",796,0:03:47
2025-12-13,ArNVaLjWHV4,【江戸の女行商人】米を焼いて生きた母たちの歴史,"Nov 27, 2025",796,0:02:09
2025-12-14,ArNVaLjWHV4,【江戸の女行商人】米を焼いて生きた母たちの歴史,"Nov 27, 2025",796,0:00:48
2025-12-15,ArNVaLjWHV4,【江戸の女行商人】米を焼いて生きた母たちの歴史,"Nov 27, 2025",796,0:02:22
2025-12-16,ArNVaLjWHV4,【江戸の女行商人】米を焼いて生きた母たちの歴史,"Nov 27, 2025",796,0:07:40
2025-12-17,ArNVaLjWHV4,【江戸の女行商人】米を焼いて生きた母たちの歴史,"Nov 27, 2025",796,0:03:46
2025-12-18,ArNVaLjWHV4,【江戸の女行商人】米を焼いて生きた母たちの歴史,"Nov 27, 2025",796,0:03:37
2025-12-19,ArNVaLjWHV4,【江戸の女行商人】米を焼いて生きた母たちの歴史,"Nov 27, 2025",796,0:06:27
2025-12-20,ArNVaLjWHV4,【江戸の女行商人】米を焼いて生きた母たちの歴史,"Nov 27, 2025",796,0:04:32
2025-12-21,ArNVaLjWHV4,【江戸の女行商人】米を焼いて生きた母たちの歴史,"Nov 27, 2025",796,0:05:13
2025-12-22,ArNVaLjWHV4,【江戸の女行商人】米を焼いて生きた母たちの歴史,"Nov 27, 2025",796,0:02:02
2025-12-23,ArNVaLjWHV4,【江戸の女行商人】米を焼いて生きた母たちの歴史,"Nov 27, 2025",796,0:04:33
2025-12-24,ArNVaLjWHV4,【江戸の女行商人】米を焼いて生きた母たちの歴史,"Nov 27, 2025",796,0:01:46
2025-12-25,ArNVaLjWHV4,【江戸の女行商人】米を焼いて生きた母たちの歴史,"Nov 27, 2025",796,0:07:02
2025-12-26,ArNVaLjWHV4,【江戸の女行商人】米を焼いて生きた母たちの歴史,"Nov 27, 2025",796,0:07:01
2025-12-27,ArNVaLjWHV4,【江戸の女行商人】米を焼いて生きた母たちの歴史,"Nov 27, 2025",796,0:00:00
2025-12-28,ArNVaLjWHV4,【江戸の女行商人】米を焼いて生きた母たちの歴史,"Nov 27, 2025",796,0:00:03
2025-12-29,ArNVaLjWHV4,【江戸の女行商人】米を焼いて生きた母たちの歴史,"Nov 27, 2025",796,0:00:36
2025-12-30,ArNVaLjWHV4,【江戸の女行商人】米を焼いて生きた母たちの歴史,"Nov 27, 2025",796,0:04:58
2025-12-31,ArNVaLjWHV4,【江戸の女行商人】米を焼いて生きた母たちの歴史,"Nov 27, 2025",796,0:00:00
2026-01-01,ArNVaLjWHV4,【江戸の女行商人】米を焼いて生きた母たちの歴史,"Nov 27, 2025",796,0:00:00
2026-01-02,ArNVaLjWHV4,【江戸の女行商人】米を焼いて生きた母たちの歴史,"Nov 27, 2025",796,0:00:00
2026-01-03,ArNVaLjWHV4,【江戸の女行商人】米を焼いて生きた母たちの歴史,"Nov 27, 2025",796,0:04:46
2026-01-04,ArNVaLjWHV4,【江戸の女行商人】米を焼いて生きた母たちの歴史,"Nov 27, 2025",796,0:00:00
2026-01-05,ArNVaLjWHV4,【江戸の女行商人】米を焼いて生きた母たちの歴史,"Nov 27, 2025",796,0:00:06
2026-01-06,ArNVaLjWHV4,【江戸の女行商人】米を焼いて生きた母たちの歴史,"Nov 27, 2025",796,0:00:00
2026-01-07,ArNVaLjWHV4,【江戸の女行商人】米を焼いて生きた母たちの歴史,"Nov 27, 2025",796,0:00:00
2026-01-08,ArNVaLjWHV4,【江戸の女行商人】米を焼いて生きた母たちの歴史,"Nov 27, 2025",796,0:00:00
2026-01-09,ArNVaLjWHV4,【江戸の女行商人】米を焼いて生きた母たちの歴史,"Nov 27, 2025",796,0:00:00
2026-01-10,ArNVaLjWHV4,【江戸の女行商人】米を焼いて生きた母たちの歴史,"Nov 27, 2025",796,0:12:46
2026-01-11,ArNVaLjWHV4,【江戸の女行商人】米を焼いて生きた母たちの歴史,"Nov 27, 2025",796,0:00:00
2026-01-12,ArNVaLjWHV4,【江戸の女行商人】米を焼いて生きた母たちの歴史,"Nov 27, 2025",796,0:00:16
2026-01-13,ArNVaLjWHV4,【江戸の女行商人】米を焼いて生きた母たちの歴史,"Nov 27, 2025",796,0:00:00
2026-01-14,ArNVaLjWHV4,【江戸の女行商人】米を焼いて生きた母たちの歴史,"Nov 27, 2025",796,0:00:00
2026-01-15,ArNVaLjWHV4,【江戸の女行商人】米を焼いて生きた母たちの歴史,"Nov 27, 2025",796,0:00:00
2026-01-16,ArNVaLjWHV4,【江戸の女行商人】米を焼いて生きた母たちの歴史,"Nov 27, 2025",796,0:00:00
2026-01-17,ArNVaLjWHV4,【江戸の女行商人】米を焼いて生きた母たちの歴史,"Nov 27, 2025",796,0:00:02
2026-01-18,ArNVaLjWHV4,【江戸の女行商人】米を焼いて生きた母たちの歴史,"Nov 27, 2025",796,0:00:26
2026-01-19,ArNVaLjWHV4,【江戸の女行商人】米を焼いて生きた母たちの歴史,"Nov 27, 2025",796,0:00:00
2026-01-20,ArNVaLjWHV4,【江戸の女行商人】米を焼いて生きた母たちの歴史,"Nov 27, 2025",796,0:13:15
2026-01-21,ArNVaLjWHV4,【江戸の女行商人】米を焼いて生きた母たちの歴史,"Nov 27, 2025",796,0:13:15
2026-01-22,ArNVaLjWHV4,【江戸の女行商人】米を焼いて生きた母たちの歴史,"Nov 27, 2025",796,0:00:00
2026-01-23,ArNVaLjWHV4,【江戸の女行商人】米を焼いて生きた母たちの歴史,"Nov 27, 2025",796,0:00:00
2026-01-24,ArNVaLjWHV4,【江戸の女行商人】米を焼いて生きた母たちの歴史,"Nov 27, 2025",796,0:00:00
2026-01-25,ArNVaLjWHV4,【江戸の女行商人】米を焼いて生きた母たちの歴史,"Nov 27, 2025",796,0:00:00
2026-01-26,ArNVaLjWHV4,【江戸の女行商人】米を焼いて生きた母たちの歴史,"Nov 27, 2025",796,0:00:10
2026-01-27,ArNVaLjWHV4,【江戸の女行商人】米を焼いて生きた母たちの歴史,"Nov 27, 2025",796,0:00:00
2026-01-28,ArNVaLjWHV4,【江戸の女行商人】米を焼いて生きた母たちの歴史,"Nov 27, 2025",796,0:00:00
2026-01-29,ArNVaLjWHV4,【江戸の女行商人】米を焼いて生きた母たちの歴史,"Nov 27, 2025",796,0:00:00
2026-01-30,ArNVaLjWHV4,【江戸の女行商人】米を焼いて生きた母たちの歴史,"Nov 27, 2025",796,0:00:06
2025-09-02,RxqpMq0X4jY,【路上の経済人】江戸の天ぷら職人の歴史,"Nov 13, 2025",946,0:00:00
2025-09-03,RxqpMq0X4jY,【路上の経済人】江戸の天ぷら職人の歴史,"Nov 13, 2025",946,0:00:00
2025-09-04,RxqpMq0X4jY,【路上の経済人】江戸の天ぷら職人の歴史,"Nov 13, 2025",946,0:00:00
2025-09-05,RxqpMq0X4jY,【路上の経済人】江戸の天ぷら職人の歴史,"Nov 13, 2025",946,0:00:00
2025-09-06,RxqpMq0X4jY,【路上の経済人】江戸の天ぷら職人の歴史,"Nov 13, 2025",946,0:00:00
2025-09-07,RxqpMq0X4jY,【路上の経済人】江戸の天ぷら職人の歴史,"Nov 13, 2025",946,0:00:00
2025-09-08,RxqpMq0X4jY,【路上の経済人】江戸の天ぷら職人の歴史,"Nov 13, 2025",946,0:00:00
2025-09-09,RxqpMq0X4jY,【路上の経済人】江戸の天ぷら職人の歴史,"Nov 13, 2025",946,0:00:00
2025-09-10,RxqpMq0X4jY,【路上の経済人】江戸の天ぷら職人の歴史,"Nov 13, 2025",946,0:00:00
2025-09-11,RxqpMq0X4jY,【路上の経済人】江戸の天ぷら職人の歴史,"Nov 13, 2025",946,0:00:00
2025-09-12,RxqpMq0X4jY,【路上の経済人】江戸の天ぷら職人の歴史,"Nov 13, 2025",946,0:00:00
2025-09-13,RxqpMq0X4jY,【路上の経済人】江戸の天ぷら職人の歴史,"Nov 13, 2025",946,0:00:00
2025-09-14,RxqpMq0X4jY,【路上の経済人】江戸の天ぷら職人の歴史,"Nov 13, 2025",946,0:00:00
2025-09-15,RxqpMq0X4jY,【路上の経済人】江戸の天ぷら職人の歴史,"Nov 13, 2025",946,0:00:00
2025-09-16,RxqpMq0X4jY,【路上の経済人】江戸の天ぷら職人の歴史,"Nov 13, 2025",946,0:00:00
2025-09-17,RxqpMq0X4jY,【路上の経済人】江戸の天ぷら職人の歴史,"Nov 13, 2025",946,0:00:00
2025-09-18,RxqpMq0X4jY,【路上の経済人】江戸の天ぷら職人の歴史,"Nov 13, 2025",946,0:00:00
2025-09-19,RxqpMq0X4jY,【路上の経済人】江戸の天ぷら職人の歴史,"Nov 13, 2025",946,0:00:00
2025-09-20,RxqpMq0X4jY,【路上の経済人】江戸の天ぷら職人の歴史,"Nov 13, 2025",946,0:00:00
2025-09-21,RxqpMq0X4jY,【路上の経済人】江戸の天ぷら職人の歴史,"Nov 13, 2025",946,0:00:00
2025-09-22,RxqpMq0X4jY,【路上の経済人】江戸の天ぷら職人の歴史,"Nov 13, 2025",946,0:00:00
2025-09-23,RxqpMq0X4jY,【路上の経済人】江戸の天ぷら職人の歴史,"Nov 13, 2025",946,0:00:00
2025-09-24,RxqpMq0X4jY,【路上の経済人】江戸の天ぷら職人の歴史,"Nov 13, 2025",946,0:00:00
2025-09-25,RxqpMq0X4jY,【路上の経済人】江戸の天ぷら職人の歴史,"Nov 13, 2025",946,0:00:00
2025-09-26,RxqpMq0X4jY,【路上の経済人】江戸の天ぷら職人の歴史,"Nov 13, 2025",946,0:00:00
2025-09-27,RxqpMq0X4jY,【路上の経済人】江戸の天ぷら職人の歴史,"Nov 13, 2025",946,0:00:00
2025-09-28,RxqpMq0X4jY,【路上の経済人】江戸の天ぷら職人の歴史,"Nov 13, 2025",946,0:00:00
2025-09-29,RxqpMq0X4jY,【路上の経済人】江戸の天ぷら職人の歴史,"Nov 13, 2025",946,0:00:00
2025-09-30,RxqpMq0X4jY,【路上の経済人】江戸の天ぷら職人の歴史,"Nov 13, 2025",946,0:00:00
2025-10-01,RxqpMq0X4jY,【路上の経済人】江戸の天ぷら職人の歴史,"Nov 13, 2025",946,0:00:00
2025-10-02,RxqpMq0X4jY,【路上の経済人】江戸の天ぷら職人の歴史,"Nov 13, 2025",946,0:00:00
2025-10-03,RxqpMq0X4jY,【路上の経済人】江戸の天ぷら職人の歴史,"Nov 13, 2025",946,0:00:00
2025-10-04,RxqpMq0X4jY,【路上の経済人】江戸の天ぷら職人の歴史,"Nov 13, 2025",946,0:00:00
2025-10-05,RxqpMq0X4jY,【路上の経済人】江戸の天ぷら職人の歴史,"Nov 13, 2025",946,0:00:00
2025-10-06,RxqpMq0X4jY,【路上の経済人】江戸の天ぷら職人の歴史,"Nov 13, 2025",946,0:00:00
2025-10-07,RxqpMq0X4jY,【路上の経済人】江戸の天ぷら職人の歴史,"Nov 13, 2025",946,0:00:00
2025-10-08,RxqpMq0X4jY,【路上の経済人】江戸の天ぷら職人の歴史,"Nov 13, 2025",946,0:00:00
2025-10-09,RxqpMq0X4jY,【路上の経済人】江戸の天ぷら職人の歴史,"Nov 13, 2025",946,0:00:00
2025-10-10,RxqpMq0X4jY,【路上の経済人】江戸の天ぷら職人の歴史,"Nov 13, 2025",946,0:00:00
2025-10-11,RxqpMq0X4jY,【路上の経済人】江戸の天ぷら職人の歴史,"Nov 13, 2025",946,0:00:00
2025-10-12,RxqpMq0X4jY,【路上の経済人】江戸の天ぷら職人の歴史,"Nov 13, 2025",946,0:00:00
2025-10-13,RxqpMq0X4jY,【路上の経済人】江戸の天ぷら職人の歴史,"Nov 13, 2025",946,0:00:00
2025-10-14,RxqpMq0X4jY,【路上の経済人】江戸の天ぷら職人の歴史,"Nov 13, 2025",946,0:00:00
2025-10-15,RxqpMq0X4jY,【路上の経済人】江戸の天ぷら職人の歴史,"Nov 13, 2025",946,0:00:00
2025-10-16,RxqpMq0X4jY,【路上の経済人】江戸の天ぷら職人の歴史,"Nov 13, 2025",946,0:00:00
2025-10-17,RxqpMq0X4jY,【路上の経済人】江戸の天ぷら職人の歴史,"Nov 13, 2025",946,0:00:00
2025-10-18,RxqpMq0X4jY,【路上の経済人】江戸の天ぷら職人の歴史,"Nov 13, 2025",946,0:00:00
2025-10-19,RxqpMq0X4jY,【路上の経済人】江戸の天ぷら職人の歴史,"Nov 13, 2025",946,0:00:00
2025-10-20,RxqpMq0X4jY,【路上の経済人】江戸の天ぷら職人の歴史,"Nov 13, 2025",946,0:00:00
2025-10-21,RxqpMq0X4jY,【路上の経済人】江戸の天ぷら職人の歴史,"Nov 13, 2025",946,0:00:00
2025-10-22,RxqpMq0X4jY,【路上の経済人】江戸の天ぷら職人の歴史,"Nov 13, 2025",946,0:00:00
2025-10-23,RxqpMq0X4jY,【路上の経済人】江戸の天ぷら職人の歴史,"Nov 13, 2025",946,0:00:00
2025-10-24,RxqpMq0X4jY,【路上の経済人】江戸の天ぷら職人の歴史,"Nov 13, 2025",946,0:00:00
2025-10-25,RxqpMq0X4jY,【路上の経済人】江戸の天ぷら職人の歴史,"Nov 13, 2025",946,0:00:00
2025-10-26,RxqpMq0X4jY,【路上の経済人】江戸の天ぷら職人の歴史,"Nov 13, 2025",946,0:00:00
2025-10-27,RxqpMq0X4jY,【路上の経済人】江戸の天ぷら職人の歴史,"Nov 13, 2025",946,0:00:00
2025-10-28,RxqpMq0X4jY,【路上の経済人】江戸の天ぷら職人の歴史,"Nov 13, 2025",946,0:00:00
2025-10-29,RxqpMq0X4jY,【路上の経済人】江戸の天ぷら職人の歴史,"Nov 13, 2025",946,0:00:00
2025-10-30,RxqpMq0X4jY,【路上の経済人】江戸の天ぷら職人の歴史,"Nov 13, 2025",946,0:00:00
2025-10-31,RxqpMq0X4jY,【路上の経済人】江戸の天ぷら職人の歴史,"Nov 13, 2025",946,0:00:00
2025-11-01,RxqpMq0X4jY,【路上の経済人】江戸の天ぷら職人の歴史,"Nov 13, 2025",946,0:00:00
2025-11-02,RxqpMq0X4jY,【路上の経済人】江戸の天ぷら職人の歴史,"Nov 13, 2025",946,0:00:00
2025-11-03,RxqpMq0X4jY,【路上の経済人】江戸の天ぷら職人の歴史,"Nov 13, 2025",946,0:00:00
2025-11-04,RxqpMq0X4jY,【路上の経済人】江戸の天ぷら職人の歴史,"Nov 13, 2025",946,0:00:00
2025-11-05,RxqpMq0X4jY,【路上の経済人】江戸の天ぷら職人の歴史,"Nov 13, 2025",946,0:00:00
2025-11-06,RxqpMq0X4jY,【路上の経済人】江戸の天ぷら職人の歴史,"Nov 13, 2025",946,0:00:00
2025-11-07,RxqpMq0X4jY,【路上の経済人】江戸の天ぷら職人の歴史,"Nov 13, 2025",946,0:00:00
2025-11-08,RxqpMq0X4jY,【路上の経済人】江戸の天ぷら職人の歴史,"Nov 13, 2025",946,0:00:00
2025-11-09,RxqpMq0X4jY,【路上の経済人】江戸の天ぷら職人の歴史,"Nov 13, 2025",946,0:00:00
2025-11-10,RxqpMq0X4jY,【路上の経済人】江戸の天ぷら職人の歴史,"Nov 13, 2025",946,0:00:00
2025-11-11,RxqpMq0X4jY,【路上の経済人】江戸の天ぷら職人の歴史,"Nov 13, 2025",946,0:00:00
2025-11-12,RxqpMq0X4jY,【路上の経済人】江戸の天ぷら職人の歴史,"Nov 13, 2025",946,0:00:00
2025-11-13,RxqpMq0X4jY,【路上の経済人】江戸の天ぷら職人の歴史,"Nov 13, 2025",946,0:05:56
2025-11-14,RxqpMq0X4jY,【路上の経済人】江戸の天ぷら職人の歴史,"Nov 13, 2025",946,0:02:13
2025-11-15,RxqpMq0X4jY,【路上の経済人】江戸の天ぷら職人の歴史,"Nov 13, 2025",946,0:09:57
2025-11-16,RxqpMq0X4jY,【路上の経済人】江戸の天ぷら職人の歴史,"Nov 13, 2025",946,0:06:26
2025-11-17,RxqpMq0X4jY,【路上の経済人】江戸の天ぷら職人の歴史,"Nov 13, 2025",946,0:05:03
2025-11-18,RxqpMq0X4jY,【路上の経済人】江戸の天ぷら職人の歴史,"Nov 13, 2025",946,0:06:22
2025-11-19,RxqpMq0X4jY,【路上の経済人】江戸の天ぷら職人の歴史,"Nov 13, 2025",946,0:06:48
2025-11-20,RxqpMq0X4jY,【路上の経済人】江戸の天ぷら職人の歴史,"Nov 13, 2025",946,0:04:56
2025-11-21,RxqpMq0X4jY,【路上の経済人】江戸の天ぷら職人の歴史,"Nov 13, 2025",946,0:03:52
2025-11-22,RxqpMq0X4jY,【路上の経済人】江戸の天ぷら職人の歴史,"Nov 13, 2025",946,0:03:37
2025-11-23,RxqpMq0X4jY,【路上の経済人】江戸の天ぷら職人の歴史,"Nov 13, 2025",946,0:06:32
2025-11-24,RxqpMq0X4jY,【路上の経済人】江戸の天ぷら職人の歴史,"Nov 13, 2025",946,0:03:14
2025-11-25,RxqpMq0X4jY,【路上の経済人】江戸の天ぷら職人の歴史,"Nov 13, 2025",946,0:04:56
2025-11-26,RxqpMq0X4jY,【路上の経済人】江戸の天ぷら職人の歴史,"Nov 13, 2025",946,0:07:02
2025-11-27,RxqpMq0X4jY,【路上の経済人】江戸の天ぷら職人の歴史,"Nov 13, 2025",946,0:03:37
2025-11-28,RxqpMq0X4jY,【路上の経済人】江戸の天ぷら職人の歴史,"Nov 13, 2025",946,0:03:58
2025-11-29,RxqpMq0X4jY,【路上の経済人】江戸の天ぷら職人の歴史,"Nov 13, 2025",946,0:02:50
2025-11-30,RxqpMq0X4jY,【路上の経済人】江戸の天ぷら職人の歴史,"Nov 13, 2025",946,0:05:59
2025-12-01,RxqpMq0X4jY,【路上の経済人】江戸の天ぷら職人の歴史,"Nov 13, 2025",946,0:04:17
2025-12-02,RxqpMq0X4jY,【路上の経済人】江戸の天ぷら職人の歴史,"Nov 13, 2025",946,0:03:33
2025-12-03,RxqpMq0X4jY,【路上の経済人】江戸の天ぷら職人の歴史,"Nov 13, 2025",946,0:04:07
2025-12-04,RxqpMq0X4jY,【路上の経済人】江戸の天ぷら職人の歴史,"Nov 13, 2025",946,0:06:03
2025-12-05,RxqpMq0X4jY,【路上の経済人】江戸の天ぷら職人の歴史,"Nov 13, 2025",946,0:04:26
2025-12-06,RxqpMq0X4jY,【路上の経済人】江戸の天ぷら職人の歴史,"Nov 13, 2025",946,0:04:15
2025-12-07,RxqpMq0X4jY,【路上の経済人】江戸の天ぷら職人の歴史,"Nov 13, 2025",946,0:04:53
2025-12-08,RxqpMq0X4jY,【路上の経済人】江戸の天ぷら職人の歴史,"Nov 13, 2025",946,0:04:28
2025-12-09,RxqpMq0X4jY,【路上の経済人】江戸の天ぷら職人の歴史,"Nov 13, 2025",946,0:05:09
2025-12-10,RxqpMq0X4jY,【路上の経済人】江戸の天ぷら職人の歴史,"Nov 13, 2025",946,0:02:55
2025-12-11,RxqpMq0X4jY,【路上の経済人】江戸の天ぷら職人の歴史,"Nov 13, 2025",946,0:04:28
2025-12-12,RxqpMq0X4jY,【路上の経済人】江戸の天ぷら職人の歴史,"Nov 13, 2025",946,0:05:03
2025-12-13,RxqpMq0X4jY,【路上の経済人】江戸の天ぷら職人の歴史,"Nov 13, 2025",946,0:03:12
2025-12-14,RxqpMq0X4jY,【路上の経済人】江戸の天ぷら職人の歴史,"Nov 13, 2025",946,0:04:17
2025-12-15,RxqpMq0X4jY,【路上の経済人】江戸の天ぷら職人の歴史,"Nov 13, 2025",946,0:04:51
2025-12-16,RxqpMq0X4jY,【路上の経済人】江戸の天ぷら職人の歴史,"Nov 13, 2025",946,0:07:18
2025-12-17,RxqpMq0X4jY,【路上の経済人】江戸の天ぷら職人の歴史,"Nov 13, 2025",946,0:05:10
2025-12-18,RxqpMq0X4jY,【路上の経済人】江戸の天ぷら職人の歴史,"Nov 13, 2025",946,0:07:58
2025-12-19,RxqpMq0X4jY,【路上の経済人】江戸の天ぷら職人の歴史,"Nov 13, 2025",946,0:06:46
2025-12-20,RxqpMq0X4jY,【路上の経済人】江戸の天ぷら職人の歴史,"Nov 13, 2025",946,0:07:08
2025-12-21,RxqpMq0X4jY,【路上の経済人】江戸の天ぷら職人の歴史,"Nov 13, 2025",946,0:05:33
2025-12-22,RxqpMq0X4jY,【路上の経済人】江戸の天ぷら職人の歴史,"Nov 13, 2025",946,0:07:19
2025-12-23,RxqpMq0X4jY,【路上の経済人】江戸の天ぷら職人の歴史,"Nov 13, 2025",946,0:07:16
2025-12-24,RxqpMq0X4jY,【路上の経済人】江戸の天ぷら職人の歴史,"Nov 13, 2025",946,0:05:02
2025-12-25,RxqpMq0X4jY,【路上の経済人】江戸の天ぷら職人の歴史,"Nov 13, 2025",946,0:05:41
2025-12-26,RxqpMq0X4jY,【路上の経済人】江戸の天ぷら職人の歴史,"Nov 13, 2025",946,0:06:12
2025-12-27,RxqpMq0X4jY,【路上の経済人】江戸の天ぷら職人の歴史,"Nov 13, 2025",946,0:11:57
2025-12-28,RxqpMq0X4jY,【路上の経済人】江戸の天ぷら職人の歴史,"Nov 13, 2025",946,0:01:37
2025-12-29,RxqpMq0X4jY,【路上の経済人】江戸の天ぷら職人の歴史,"Nov 13, 2025",946,0:04:22
2025-12-30,RxqpMq0X4jY,【路上の経済人】江戸の天ぷら職人の歴史,"Nov 13, 2025",946,0:07:46
2025-12-31,RxqpMq0X4jY,【路上の経済人】江戸の天ぷら職人の歴史,"Nov 13, 2025",946,0:00:00
2026-01-01,RxqpMq0X4jY,【路上の経済人】江戸の天ぷら職人の歴史,"Nov 13, 2025",946,0:00:00
2026-01-02,RxqpMq0X4jY,【路上の経済人】江戸の天ぷら職人の歴史,"Nov 13, 2025",946,0:04:27
2026-01-03,RxqpMq0X4jY,【路上の経済人】江戸の天ぷら職人の歴史,"Nov 13, 2025",946,0:01:28
2026-01-04,RxqpMq0X4jY,【路上の経済人】江戸の天ぷら職人の歴史,"Nov 13, 2025",946,0:00:00
2026-01-05,RxqpMq0X4jY,【路上の経済人】江戸の天ぷら職人の歴史,"Nov 13, 2025",946,0:00:00
2026-01-06,RxqpMq0X4jY,【路上の経済人】江戸の天ぷら職人の歴史,"Nov 13, 2025",946,0:00:00
2026-01-07,RxqpMq0X4jY,【路上の経済人】江戸の天ぷら職人の歴史,"Nov 13, 2025",946,0:00:00
2026-01-08,RxqpMq0X4jY,【路上の経済人】江戸の天ぷら職人の歴史,"Nov 13, 2025",946,0:15:45
2026-01-09,RxqpMq0X4jY,【路上の経済人】江戸の天ぷら職人の歴史,"Nov 13, 2025",946,0:00:00
2026-01-10,RxqpMq0X4jY,【路上の経済人】江戸の天ぷら職人の歴史,"Nov 13, 2025",946,0:00:00
2026-01-11,RxqpMq0X4jY,【路上の経済人】江戸の天ぷら職人の歴史,"Nov 13, 2025",946,0:00:00
2026-01-12,RxqpMq0X4jY,【路上の経済人】江戸の天ぷら職人の歴史,"Nov 13, 2025",946,0:00:54
2026-01-13,RxqpMq0X4jY,【路上の経済人】江戸の天ぷら職人の歴史,"Nov 13, 2025",946,0:06:42
2026-01-14,RxqpMq0X4jY,【路上の経済人】江戸の天ぷら職人の歴史,"Nov 13, 2025",946,0:01:07
2026-01-15,RxqpMq0X4jY,【路上の経済人】江戸の天ぷら職人の歴史,"Nov 13, 2025",946,0:00:00
2026-01-16,RxqpMq0X4jY,【路上の経済人】江戸の天ぷら職人の歴史,"Nov 13, 2025",946,0:00:00
2026-01-17,RxqpMq0X4jY,【路上の経済人】江戸の天ぷら職人の歴史,"Nov 13, 2025",946,0:03:26
2026-01-18,RxqpMq0X4jY,【路上の経済人】江戸の天ぷら職人の歴史,"Nov 13, 2025",946,0:07:31
2026-01-19,RxqpMq0X4jY,【路上の経済人】江戸の天ぷら職人の歴史,"Nov 13, 2025",946,0:00:00
2026-01-20,RxqpMq0X4jY,【路上の経済人】江戸の天ぷら職人の歴史,"Nov 13, 2025",946,0:10:31
2026-01-21,RxqpMq0X4jY,【路上の経済人】江戸の天ぷら職人の歴史,"Nov 13, 2025",946,0:17:30
2026-01-22,RxqpMq0X4jY,【路上の経済人】江戸の天ぷら職人の歴史,"Nov 13, 2025",946,0:00:00
2026-01-23,RxqpMq0X4jY,【路上の経済人】江戸の天ぷら職人の歴史,"Nov 13, 2025",946,0:09:58
2026-01-24,RxqpMq0X4jY,【路上の経済人】江戸の天ぷら職人の歴史,"Nov 13, 2025",946,0:00:00
2026-01-25,RxqpMq0X4jY,【路上の経済人】江戸の天ぷら職人の歴史,"Nov 13, 2025",946,0:07:55
2026-01-26,RxqpMq0X4jY,【路上の経済人】江戸の天ぷら職人の歴史,"Nov 13, 2025",946,0:07:32
2026-01-27,RxqpMq0X4jY,【路上の経済人】江戸の天ぷら職人の歴史,"Nov 13, 2025",946,0:00:43
2026-01-28,RxqpMq0X4jY,【路上の経済人】江戸の天ぷら職人の歴史,"Nov 13, 2025",946,0:00:00
2026-01-29,RxqpMq0X4jY,【路上の経済人】江戸の天ぷら職人の歴史,"Nov 13, 2025",946,0:00:00
2026-01-30,RxqpMq0X4jY,【路上の経済人】江戸の天ぷら職人の歴史,"Nov 13, 2025",946,0:00:00
2025-09-02,sNqTXquY0Og,おせち料理の歴史,"Sep 12, 2025",816,0:00:00
2025-09-03,sNqTXquY0Og,おせち料理の歴史,"Sep 12, 2025",816,0:00:00
2025-09-04,sNqTXquY0Og,おせち料理の歴史,"Sep 12, 2025",816,0:00:00
2025-09-05,sNqTXquY0Og,おせち料理の歴史,"Sep 12, 2025",816,0:00:00
2025-09-06,sNqTXquY0Og,おせち料理の歴史,"Sep 12, 2025",816,0:00:00
2025-09-07,sNqTXquY0Og,おせち料理の歴史,"Sep 12, 2025",816,0:00:00
2025-09-08,sNqTXquY0Og,おせち料理の歴史,"Sep 12, 2025",816,0:00:00
2025-09-09,sNqTXquY0Og,おせち料理の歴史,"Sep 12, 2025",816,0:00:00
2025-09-10,sNqTXquY0Og,おせち料理の歴史,"Sep 12, 2025",816,0:00:00
2025-09-11,sNqTXquY0Og,おせち料理の歴史,"Sep 12, 2025",816,0:00:00
2025-09-12,sNqTXquY0Og,おせち料理の歴史,"Sep 12, 2025",816,0:00:00
2025-09-13,sNqTXquY0Og,おせち料理の歴史,"Sep 12, 2025",816,0:00:00
2025-09-14,sNqTXquY0Og,おせち料理の歴史,"Sep 12, 2025",816,0:00:00
2025-09-15,sNqTXquY0Og,おせち料理の歴史,"Sep 12, 2025",816,0:00:00
2025-09-16,sNqTXquY0Og,おせち料理の歴史,"Sep 12, 2025",816,0:00:00
2025-09-17,sNqTXquY0Og,おせち料理の歴史,"Sep 12, 2025",816,0:00:00
2025-09-18,sNqTXquY0Og,おせち料理の歴史,"Sep 12, 2025",816,0:00:00
2025-09-19,sNqTXquY0Og,おせち料理の歴史,"Sep 12, 2025",816,0:02:04
2025-09-20,sNqTXquY0Og,おせち料理の歴史,"Sep 12, 2025",816,0:00:00
2025-09-21,sNqTXquY0Og,おせち料理の歴史,"Sep 12, 2025",816,0:00:19
2025-09-22,sNqTXquY0Og,おせち料理の歴史,"Sep 12, 2025",816,0:00:00
2025-09-23,sNqTXquY0Og,おせち料理の歴史,"Sep 12, 2025",816,0:00:00
2025-09-24,sNqTXquY0Og,おせち料理の歴史,"Sep 12, 2025",816,0:05:03
2025-09-25,sNqTXquY0Og,おせち料理の歴史,"Sep 12, 2025",816,0:13:52
2025-09-26,sNqTXquY0Og,おせち料理の歴史,"Sep 12, 2025",816,0:00:07
2025-09-27,sNqTXquY0Og,おせち料理の歴史,"Sep 12, 2025",816,0:04:31
2025-09-28,sNqTXquY0Og,おせち料理の歴史,"Sep 12, 2025",816,0:07:07
2025-09-29,sNqTXquY0Og,おせち料理の歴史,"Sep 12, 2025",816,0:07:18
2025-09-30,sNqTXquY0Og,おせち料理の歴史,"Sep 12, 2025",816,0:00:53
2025-10-01,sNqTXquY0Og,おせち料理の歴史,"Sep 12, 2025",816,0:13:35
2025-10-02,sNqTXquY0Og,おせち料理の歴史,"Sep 12, 2025",816,0:00:00
2025-10-03,sNqTXquY0Og,おせち料理の歴史,"Sep 12, 2025",816,0:02:35
2025-10-04,sNqTXquY0Og,おせち料理の歴史,"Sep 12, 2025",816,0:00:00
2025-10-05,sNqTXquY0Og,おせち料理の歴史,"Sep 12, 2025",816,0:07:51
2025-10-06,sNqTXquY0Og,おせち料理の歴史,"Sep 12, 2025",816,0:13:35
2025-10-07,sNqTXquY0Og,おせち料理の歴史,"Sep 12, 2025",816,0:06:37
2025-10-08,sNqTXquY0Og,おせち料理の歴史,"Sep 12, 2025",816,0:07:06
2025-10-09,sNqTXquY0Og,おせち料理の歴史,"Sep 12, 2025",816,0:01:51
2025-10-10,sNqTXquY0Og,おせち料理の歴史,"Sep 12, 2025",816,0:00:29
2025-10-11,sNqTXquY0Og,おせち料理の歴史,"Sep 12, 2025",816,0:13:31
2025-10-12,sNqTXquY0Og,おせち料理の歴史,"Sep 12, 2025",816,0:05:57
2025-10-13,sNqTXquY0Og,おせち料理の歴史,"Sep 12, 2025",816,0:04:15
2025-10-14,sNqTXquY0Og,おせち料理の歴史,"Sep 12, 2025",816,0:00:42
2025-10-15,sNqTXquY0Og,おせち料理の歴史,"Sep 12, 2025",816,0:00:23
2025-10-16,sNqTXquY0Og,おせち料理の歴史,"Sep 12, 2025",816,0:08:45
2025-10-17,sNqTXquY0Og,おせち料理の歴史,"Sep 12, 2025",816,0:07:27
2025-10-18,sNqTXquY0Og,おせち料理の歴史,"Sep 12, 2025",816,0:03:28
2025-10-19,sNqTXquY0Og,おせち料理の歴史,"Sep 12, 2025",816,0:00:14
2025-10-20,sNqTXquY0Og,おせち料理の歴史,"Sep 12, 2025",816,0:00:24
2025-10-21,sNqTXquY0Og,おせち料理の歴史,"Sep 12, 2025",816,0:13:25
2025-10-22,sNqTXquY0Og,おせち料理の歴史,"Sep 12, 2025",816,0:00:00
2025-10-23,sNqTXquY0Og,おせち料理の歴史,"Sep 12, 2025",816,0:00:00
2025-10-24,sNqTXquY0Og,おせち料理の歴史,"Sep 12, 2025",816,0:13:35
2025-10-25,sNqTXquY0Og,おせち料理の歴史,"Sep 12, 2025",816,0:00:00
2025-10-26,sNqTXquY0Og,おせち料理の歴史,"Sep 12, 2025",816,0:05:03
2025-10-27,sNqTXquY0Og,おせち料理の歴史,"Sep 12, 2025",816,0:10:17
2025-10-28,sNqTXquY0Og,おせち料理の歴史,"Sep 12, 2025",816,0:07:31
2025-10-29,sNqTXquY0Og,おせち料理の歴史,"Sep 12, 2025",816,0:00:00
2025-10-30,sNqTXquY0Og,おせち料理の歴史,"Sep 12, 2025",816,0:00:00
2025-10-31,sNqTXquY0Og,おせち料理の歴史,"Sep 12, 2025",816,0:00:03
2025-11-01,sNqTXquY0Og,おせち料理の歴史,"Sep 12, 2025",816,0:00:00
2025-11-02,sNqTXquY0Og,おせち料理の歴史,"Sep 12, 2025",816,0:02:19
2025-11-03,sNqTXquY0Og,おせち料理の歴史,"Sep 12, 2025",816,0:00:00
2025-11-04,sNqTXquY0Og,おせち料理の歴史,"Sep 12, 2025",816,0:06:47
2025-11-05,sNqTXquY0Og,おせち料理の歴史,"Sep 12, 2025",816,0:12:45
2025-11-06,sNqTXquY0Og,おせち料理の歴史,"Sep 12, 2025",816,0:13:27
2025-11-07,sNqTXquY0Og,おせち料理の歴史,"Sep 12, 2025",816,0:00:00
2025-11-08,sNqTXquY0Og,おせち料理の歴史,"Sep 12, 2025",816,0:08:09
2025-11-09,sNqTXquY0Og,おせち料理の歴史,"Sep 12, 2025",816,0:13:36
2025-11-10,sNqTXquY0Og,おせち料理の歴史,"Sep 12, 2025",816,0:03:35
2025-11-11,sNqTXquY0Og,おせち料理の歴史,"Sep 12, 2025",816,0:03:19
2025-11-12,sNqTXquY0Og,おせち料理の歴史,"Sep 12, 2025",816,0:05:21
2025-11-13,sNqTXquY0Og,おせち料理の歴史,"Sep 12, 2025",816,0:01:21
2025-11-14,sNqTXquY0Og,おせち料理の歴史,"Sep 12, 2025",816,0:00:48
2025-11-15,sNqTXquY0Og,おせち料理の歴史,"Sep 12, 2025",816,0:00:00
2025-11-16,sNqTXquY0Og,おせち料理の歴史,"Sep 12, 2025",816,0:08:53
2025-11-17,sNqTXquY0Og,おせち料理の歴史,"Sep 12, 2025",816,0:02:49
2025-11-18,sNqTXquY0Og,おせち料理の歴史,"Sep 12, 2025",816,0:02:10
2025-11-19,sNqTXquY0Og,おせち料理の歴史,"Sep 12, 2025",816,0:06:00
2025-11-20,sNqTXquY0Og,おせち料理の歴史,"Sep 12, 2025",816,0:01:26
2025-11-21,sNqTXquY0Og,おせち料理の歴史,"Sep 12, 2025",816,0:04:27
2025-11-22,sNqTXquY0Og,おせち料理の歴史,"Sep 12, 2025",816,0:05:23
2025-11-23,sNqTXquY0Og,おせち料理の歴史,"Sep 12, 2025",816,0:02:27
2025-11-24,sNqTXquY0Og,おせち料理の歴史,"Sep 12, 2025",816,0:03:46
2025-11-25,sNqTXquY0Og,おせち料理の歴史,"Sep 12, 2025",816,0:06:14
2025-11-26,sNqTXquY0Og,おせち料理の歴史,"Sep 12, 2025",816,0:08:44
2025-11-27,sNqTXquY0Og,おせち料理の歴史,"Sep 12, 2025",816,0:05:22
2025-11-28,sNqTXquY0Og,おせち料理の歴史,"Sep 12, 2025",816,0:00:31
2025-11-29,sNqTXquY0Og,おせち料理の歴史,"Sep 12, 2025",816,0:05:43
2025-11-30,sNqTXquY0Og,おせち料理の歴史,"Sep 12, 2025",816,0:04:41
2025-12-01,sNqTXquY0Og,おせち料理の歴史,"Sep 12, 2025",816,0:03:53
2025-12-02,sNqTXquY0Og,おせち料理の歴史,"Sep 12, 2025",816,0:05:32
2025-12-03,sNqTXquY0Og,おせち料理の歴史,"Sep 12, 2025",816,0:04:24
2025-12-04,sNqTXquY0Og,おせち料理の歴史,"Sep 12, 2025",816,0:04:47
2025-12-05,sNqTXquY0Og,おせち料理の歴史,"Sep 12, 2025",816,0:05:28
2025-12-06,sNqTXquY0Og,おせち料理の歴史,"Sep 12, 2025",816,0:05:32
2025-12-07,sNqTXquY0Og,おせち料理の歴史,"Sep 12, 2025",816,0:03:34
2025-12-08,sNqTXquY0Og,おせち料理の歴史,"Sep 12, 2025",816,0:04:53
2025-12-09,sNqTXquY0Og,おせち料理の歴史,"Sep 12, 2025",816,0:03:31
2025-12-10,sNqTXquY0Og,おせち料理の歴史,"Sep 12, 2025",816,0:03:19
2025-12-11,sNqTXquY0Og,おせち料理の歴史,"Sep 12, 2025",816,0:03:58
2025-12-12,sNqTXquY0Og,おせち料理の歴史,"Sep 12, 2025",816,0:05:14
2025-12-13,sNqTXquY0Og,おせち料理の歴史,"Sep 12, 2025",816,0:02:22
2025-12-14,sNqTXquY0Og,おせち料理の歴史,"Sep 12, 2025",816,0:03:41
2025-12-15,sNqTXquY0Og,おせち料理の歴史,"Sep 12, 2025",816,0:01:43
2025-12-16,sNqTXquY0Og,おせち料理の歴史,"Sep 12, 2025",816,0:06:15
2025-12-17,sNqTXquY0Og,おせち料理の歴史,"Sep 12, 2025",816,0:06:15
2025-12-18,sNqTXquY0Og,おせち料理の歴史,"Sep 12, 2025",816,0:04:20
2025-12-19,sNqTXquY0Og,おせち料理の歴史,"Sep 12, 2025",816,0:04:40
2025-12-20,sNqTXquY0Og,おせち料理の歴史,"Sep 12, 2025",816,0:04:39
2025-12-21,sNqTXquY0Og,おせち料理の歴史,"Sep 12, 2025",816,0:04:07
2025-12-22,sNqTXquY0Og,おせち料理の歴史,"Sep 12, 2025",816,0:04:08
2025-12-23,sNqTXquY0Og,おせち料理の歴史,"Sep 12, 2025",816,0:04:00
2025-12-24,sNqTXquY0Og,おせち料理の歴史,"Sep 12, 2025",816,0:04:07
2025-12-25,sNqTXquY0Og,おせち料理の歴史,"Sep 12, 2025",816,0:05:58
2025-12-26,sNqTXquY0Og,おせち料理の歴史,"Sep 12, 2025",816,0:03:16
2025-12-27,sNqTXquY0Og,おせち料理の歴史,"Sep 12, 2025",816,0:04:42
2025-12-28,sNqTXquY0Og,おせち料理の歴史,"Sep 12, 2025",816,0:04:37
2025-12-29,sNqTXquY0Og,おせち料理の歴史,"Sep 12, 2025",816,0:04:20
2025-12-30,sNqTXquY0Og,おせち料理の歴史,"Sep 12, 2025",816,0:04:40
2025-12-31,sNqTXquY0Og,おせち料理の歴史,"Sep 12, 2025",816,0:06:18
2026-01-01,sNqTXquY0Og,おせち料理の歴史,"Sep 12, 2025",816,0:05:52
2026-01-02,sNqTXquY0Og,おせち料理の歴史,"Sep 12, 2025",816,0:04:24
2026-01-03,sNqTXquY0Og,おせち料理の歴史,"Sep 12, 2025",816,0:04:25
2026-01-04,sNqTXquY0Og,おせち料理の歴史,"Sep 12, 2025",816,0:03:58
2026-01-05,sNqTXquY0Og,おせち料理の歴史,"Sep 12, 2025",816,0:02:38
2026-01-06,sNqTXquY0Og,おせち料理の歴史,"Sep 12, 2025",816,0:04:43
2026-01-07,sNqTXquY0Og,おせち料理の歴史,"Sep 12, 2025",816,0:04:47
2026-01-08,sNqTXquY0Og,おせち料理の歴史,"Sep 12, 2025",816,0:04:09
2026-01-09,sNqTXquY0Og,おせち料理の歴史,"Sep 12, 2025",816,0:03:06
2026-01-10,sNqTXquY0Og,おせち料理の歴史,"Sep 12, 2025",816,0:04:04
2026-01-11,sNqTXquY0Og,おせち料理の歴史,"Sep 12, 2025",816,0:03:28
2026-01-12,sNqTXquY0Og,おせち料理の歴史,"Sep 12, 2025",816,0:07:07
2026-01-13,sNqTXquY0Og,おせち料理の歴史,"Sep 12, 2025",816,0:06:42
2026-01-14,sNqTXquY0Og,おせち料理の歴史,"Sep 12, 2025",816,0:05:03
2026-01-15,sNqTXquY0Og,おせち料理の歴史,"Sep 12, 2025",816,0:04:39
2026-01-16,sNqTXquY0Og,おせち料理の歴史,"Sep 12, 2025",816,0:02:07
2026-01-17,sNqTXquY0Og,おせち料理の歴史,"Sep 12, 2025",816,0:01:20
2026-01-18,sNqTXquY0Og,おせち料理の歴史,"Sep 12, 2025",816,0:05:06
2026-01-19,sNqTXquY0Og,おせち料理の歴史,"Sep 12, 2025",816,0:02:05
2026-01-20,sNqTXquY0Og,おせち料理の歴史,"Sep 12, 2025",816,0:03:27
2026-01-21,sNqTXquY0Og,おせち料理の歴史,"Sep 12, 2025",816,0:07:48
2026-01-22,sNqTXquY0Og,おせち料理の歴史,"Sep 12, 2025",816,0:00:39
2026-01-23,sNqTXquY0Og,おせち料理の歴史,"Sep 12, 2025",816,0:07:31
2026-01-24,sNqTXquY0Og,おせち料理の歴史,"Sep 12, 2025",816,0:00:38
2026-01-25,sNqTXquY0Og,おせち料理の歴史,"Sep 12, 2025",816,0:04:41
2026-01-26,sNqTXquY0Og,おせち料理の歴史,"Sep 12, 2025",816,0:00:16
2026-01-27,sNqTXquY0Og,おせち料理の歴史,"Sep 12, 2025",816,0:06:14
2026-01-28,sNqTXquY0Og,おせち料理の歴史,"Sep 12, 2025",816,0:01:51
2026-01-29,sNqTXquY0Og,おせち料理の歴史,"Sep 12, 2025",816,0:04:52
2026-01-30,sNqTXquY0Og,おせち料理の歴史,"Sep 12, 2025",816,0:00:43
